leading_item_id,following_item_id,value
OGAFEHLU,RCBZUSIM,39615
VWMBASNE,LRVGFDFM,1634723
WBLJNPZQ,JPBRUTWP,5422256
UGEQLMXM,BTMOEMEP,13445804
UGEQLMXM,HXYSSRXE,4818108
VBYCLTYZ,BLANHGYY,44002
XIPPENFQ,DDEXPPXU,37406
ZCELVYQU,FWUCPMMW,28012
VBYCLTYZ,ANWUJOKX,37177
UGEQLMXM,IGDVVKUD,28456
JBVHSUWY,OKMBFVKS,1687170
OGAFEHLU,ANWUJOKX,37620
ELQGMQWE,FQCLOEXA,1756174
KEUWZRKO,LUENUFGA,3978267
BSRMSVTC,LUENUFGA,3990840
UGEQLMXM,BLANHGYY,44446
DEWLVASR,ZXERAXWP,47439
VWMBASNE,WBLJNPZQ,183618
APQGTRMF,FDXPMYGF,36109
FRHNWLNI,RCBZUSIM,36962
VBYCLTYZ,HXYSSRXE,4821372
QVLMOEYE,ANWUJOKX,37177
OGAFEHLU,VWMBASNE,110118
BJALXPFS,RCBZUSIM,37406
VWMBASNE,CCLHWFWF,14089261
UXSPKBJR,RAWUKQMJ,4094959
UGEQLMXM,DJBLNPNC,28456
VWMBASNE,MIRCVAMV,49787
ZCELVYQU,BLANHGYY,44002
BSRMSVTC,XIFHSOWQ,107790
ZKENOUDA,DEWLVASR,356821
RJGPVEXX,NAQIHUKZ,37177
UXSPKBJR,RCBZUSIM,36962
NZKBIBNU,FRHNWLNI,841839
VBYCLTYZ,FDXPMYGF,35665
DBWLZWNK,BLANHGYY,44002
OGAFEHLU,XUOIQPFL,3003627
OGAFEHLU,DJBLNPNC,28456
ZCELVYQU,FDXPMYGF,35665
VBYCLTYZ,DNMPSKTB,5197923
JBVHSUWY,BEZYMBBT,3966304
DBWLZWNK,WHPUAOID,41550
OGAFEHLU,IGDVVKUD,30665
WQMVCOEM,BJALXPFS,145152
QJQJSWFU,VWMBASNE,107910
BJALXPFS,VMAQSTJE,78378
NZKBIBNU,XIIEJNEE,109440
ELQGMQWE,LLHREMKS,83540
HXYSSRXE,PYZMVUWD,28012
BTMOEMEP,RCBZUSIM,36962
LUENUFGA,MIRCVAMV,49787
WBLJNPZQ,SDWAYPIK,5150734
MBSBZBXA,JERHKLYW,38474
ZKENOUDA,FTSVTTSR,214808
XIPPENFQ,ZGJXVMNI,3077067
RAWUKQMJ,KEUWZRKO,344676
VBYCLTYZ,IGDVVKUD,28012
RJGPVEXX,FITUEHWN,101740
ZGJXVMNI,JSLXRQOK,28012
UGEQLMXM,AXULOHBQ,102184
OKMBFVKS,WBLJNPZQ,183618
ROACSLMG,HXYSSRXE,4821372
UXSPKBJR,HXYSSRXE,4821372
APQGTRMF,DBWLZWNK,196312
APQGTRMF,OKMBFVKS,1687614
BSRMSVTC,OGAFEHLU,37177
UGEQLMXM,SDWAYPIK,5166626
QVLMOEYE,DNMPSKTB,5197923
ZKENOUDA,ZCELVYQU,103758
APQGTRMF,DUCMGGNW,725871
FTSVTTSR,SAAYMURU,46482
OGAFEHLU,LRVGFDFM,1790185
WBLJNPZQ,ATLDMDBO,36178936
ZKENOUDA,XIIEJNEE,109440
WBLJNPZQ,LRVGFDFM,1660976
QVLMOEYE,FDXPMYGF,35665
UGEQLMXM,QVLMOEYE,1249641
VBYCLTYZ,BTMOEMEP,13542069
FQCLOEXA,IGDVVKUD,28012
FQCLOEXA,KJNSOAHR,12987528
FRHNWLNI,UGEQLMXM,232588
OKMBFVKS,JPBRUTWP,5380288
UGEQLMXM,OGAFEHLU,37620
HXYSSRXE,OGAFEHLU,37177
OGAFEHLU,FRHNWLNI,844491
XUOIQPFL,RAWUKQMJ,4094959
HXYSSRXE,BSRMSVTC,340546
WBLJNPZQ,HXYSSRXE,4860078
VBYCLTYZ,DJBLNPNC,28012
OGAFEHLU,FCYBOAXC,116514480
APQGTRMF,JPBRUTWP,5383606
QJQJSWFU,SDWAYPIK,5166626
BTMOEMEP,LRVGFDFM,1634723
LPHPPJUG,ZKENOUDA,344832
DBWLZWNK,BTMOEMEP,13423922
KJNSOAHR,QVLMOEYE,1249197
XUOIQPFL,QVLMOEYE,1249197
LPHPPJUG,RJGPVEXX,550344
ROACSLMG,ANWUJOKX,37177
QVLMOEYE,BLANHGYY,44002
VMAQSTJE,PYZMVUWD,28456
OGAFEHLU,DBWLZWNK,198520
LPHPPJUG,NZKBIBNU,237851
JPBRUTWP,BTMOEMEP,13423922
TGOELCAG,LUENUFGA,3990840
LRVGFDFM,DJBLNPNC,28012
FRHNWLNI,BLANHGYY,44002
BTMOEMEP,RAWUKQMJ,4094959
BSRMSVTC,LSOIUSXD,232380
WBLJNPZQ,AXULOHBQ,101740
OGAFEHLU,HXYSSRXE,4830682
RJGPVEXX,AANGBULD,247356
APQGTRMF,RCBZUSIM,37406
LTOYKIML,DEWLVASR,356821
ZCELVYQU,DNMPSKTB,5210496
UIFPPCLR,QRKRBYJL,2810150
EVBVXETX,HXYSSRXE,4850768
VUAFAIYJ,ELQGMQWE,540165
QVLMOEYE,DJBLNPNC,28012
QSDCUCLB,IGDVVKUD,30665
APQGTRMF,BSRMSVTC,340990
QRKRBYJL,FDXPMYGF,35665
LTOYKIML,FTSVTTSR,214808
KEUWZRKO,XIPPENFQ,110757
OGAFEHLU,QSDCUCLB,36109
UXSPKBJR,DBWLZWNK,195868
SDWAYPIK,ANWUJOKX,37177
WQMVCOEM,JPBRUTWP,5396179
BEZYMBBT,HXYSSRXE,4821372
LSOIUSXD,XUOIQPFL,3001419
LPHPPJUG,DDEXPPXU,36962
WQMVCOEM,FDXPMYGF,36109
LPHPPJUG,AANGBULD,247356
JPBRUTWP,ANWUJOKX,37177
LPHPPJUG,JSLXRQOK,28012
LTOYKIML,JSLXRQOK,28012
WBLJNPZQ,OGAFEHLU,37177
WBLJNPZQ,QRKRBYJL,2810150
LRVGFDFM,ROACSLMG,2357949
BSRMSVTC,UIFPPCLR,90892
DBWLZWNK,FRHNWLNI,841839
UQYUIVVR,NAQIHUKZ,37177
TGOELCAG,YSYHGLQK,28012
BJALXPFS,VBYCLTYZ,386154
XUOIQPFL,SDWAYPIK,5150734
VUAFAIYJ,ZXERAXWP,47439
UIFPPCLR,GYHKIVQT,15547088
ZCELVYQU,UGEQLMXM,232588
XUOIQPFL,DJBLNPNC,28012
FRHNWLNI,JPBRUTWP,5380288
VBYCLTYZ,WBLJNPZQ,183618
QVLMOEYE,VBYCLTYZ,385710
ZCELVYQU,KJNSOAHR,12974955
FTSVTTSR,ELQGMQWE,540165
OGAFEHLU,UIFPPCLR,93544
WQMVCOEM,OGAFEHLU,37620
OGAFEHLU,UGEQLMXM,235240
UIFPPCLR,VBYCLTYZ,386154
VUAFAIYJ,CCLHWFWF,14079952
BJALXPFS,UGEQLMXM,233032
ROACSLMG,BTMOEMEP,13436495
FTSVTTSR,GKQIJYDH,6825818
LRVGFDFM,HXYSSRXE,4821372
BTMOEMEP,HXYSSRXE,4821372
QVLMOEYE,AXULOHBQ,101740
BTMOEMEP,DJBLNPNC,28012
UGEQLMXM,VBYCLTYZ,386154
MBSBZBXA,QSDCUCLB,35665
OGAFEHLU,QRKRBYJL,2872228
DJBLNPNC,SUOYXCHP,36109
ZCELVYQU,LSOIUSXD,232380
NZKBIBNU,KJNSOAHR,12974955
UXSPKBJR,BLANHGYY,44002
CCLHWFWF,LTOYKIML,406167
WBLJNPZQ,UGEQLMXM,232588
UXSPKBJR,ANWUJOKX,37177
NZKBIBNU,JSLXRQOK,28012
ELQGMQWE,ZXERAXWP,47439
BSRMSVTC,KEUWZRKO,344676
CCLHWFWF,LSOIUSXD,232380
KJNSOAHR,QRKRBYJL,2809706
IGDVVKUD,HXYSSRXE,4832890
APQGTRMF,UIFPPCLR,91336
LTOYKIML,XIIEJNEE,109440
XIIEJNEE,BTMOEMEP,13448013
SAHWCZNH,LUENUFGA,3978267
FDXPMYGF,OGAFEHLU,37620
XIIEJNEE,ATLDMDBO,35902492
UGEQLMXM,JPBRUTWP,5383606
HXYSSRXE,LUENUFGA,3978267
ELQGMQWE,NAQIHUKZ,37177
XIPPENFQ,MIRCVAMV,50231
UXSPKBJR,FWUCPMMW,28012
BSRMSVTC,VWMBASNE,107466
KEUWZRKO,SAHWCZNH,1954657
BJALXPFS,GYHKIVQT,15399137
UGEQLMXM,VWMBASNE,107910
ANWUJOKX,BLANHGYY,46654
UXSPKBJR,OXKURKXR,129553
MIRCVAMV,ZGJXVMNI,3077067
LRVGFDFM,JPBRUTWP,5380288
UXSPKBJR,IGDVVKUD,28012
APQGTRMF,ANWUJOKX,37620
RAWUKQMJ,UGEQLMXM,232588
EVBVXETX,BLANHGYY,44002
BJALXPFS,OKMBFVKS,1687614
BJALXPFS,QVLMOEYE,1249641
UGEQLMXM,XUOIQPFL,3001419
JPBRUTWP,WBLJNPZQ,183618
OKMBFVKS,DJBLNPNC,28012
ANWUJOKX,AXULOHBQ,104392
HXYSSRXE,VMAQSTJE,77934
UGEQLMXM,DBWLZWNK,196312
XIIEJNEE,ANWUJOKX,37620
FQCLOEXA,PYZMVUWD,28012
HXYSSRXE,VWMBASNE,107466
XIFHSOWQ,VWMBASNE,107910
CCLHWFWF,QVLMOEYE,1249197
UGEQLMXM,OXKURKXR,129997
UIFPPCLR,IGDVVKUD,28456
HXYSSRXE,FDXPMYGF,35665
ATLDMDBO,AXULOHBQ,101740
LPHPPJUG,WPQXWHYO,11036372
UGEQLMXM,LSOIUSXD,232823
QSDCUCLB,SDWAYPIK,5168834
ROACSLMG,IGDVVKUD,28012
XUOIQPFL,ANWUJOKX,37177
LSOIUSXD,WBLJNPZQ,184062
DBWLZWNK,RAWUKQMJ,4094959
JBVHSUWY,PYZMVUWD,28012
UXSPKBJR,DUCMGGNW,725427
IGDVVKUD,DJBLNPNC,28456
ELQGMQWE,YSYHGLQK,28012
OGAFEHLU,UXSPKBJR,423098
JBVHSUWY,SUOYXCHP,35665
XUOIQPFL,GYHKIVQT,15509803
ZGJXVMNI,UQYUIVVR,5392166
BLANHGYY,OGAFEHLU,37620
BTMOEMEP,WQMVCOEM,125260
ZKENOUDA,NAQIHUKZ,37177
CCLHWFWF,VWMBASNE,107466
ROACSLMG,APQGTRMF,53099
WQMVCOEM,BLANHGYY,44446
MIRCVAMV,DBWLZWNK,198520
NAQIHUKZ,GKQIJYDH,6840600
DNMPSKTB,LRVGFDFM,1647296
ATLDMDBO,LRVGFDFM,1647296
XUOIQPFL,IGDVVKUD,28012
CCLHWFWF,FWUCPMMW,28012
BJALXPFS,SDWAYPIK,5154052
APQGTRMF,VBYCLTYZ,386154
CCLHWFWF,OGAFEHLU,37177
EVBVXETX,DNMPSKTB,5197923
OGAFEHLU,JPBRUTWP,5486685
ZKENOUDA,AANGBULD,247356
DNMPSKTB,OGAFEHLU,37177
LRVGFDFM,OGAFEHLU,37177
BSRMSVTC,SAHWCZNH,1954657
FRHNWLNI,QRKRBYJL,2809706
UIFPPCLR,XUOIQPFL,3001419
AXULOHBQ,VMAQSTJE,78378
ELQGMQWE,FTSVTTSR,214808
VBYCLTYZ,AXULOHBQ,101740
VBYCLTYZ,BJALXPFS,144708
PYZMVUWD,LUENUFGA,3981585
QVLMOEYE,FRHNWLNI,841839
ELQGMQWE,JSLXRQOK,28012
SAHWCZNH,ZGJXVMNI,3076623
QVLMOEYE,RCBZUSIM,36962
EVBVXETX,FDXPMYGF,35665
OGAFEHLU,GYHKIVQT,15801189
BTMOEMEP,OKMBFVKS,1687170
BTMOEMEP,JPBRUTWP,5380288
APQGTRMF,BEZYMBBT,3979138
EVBVXETX,KJNSOAHR,12974955
EVBVXETX,WPQXWHYO,11036372
UIFPPCLR,SDWAYPIK,5154052
ZGJXVMNI,DEWLVASR,356821
WBLJNPZQ,VWMBASNE,107466
ANWUJOKX,DNMPSKTB,5280794
QSDCUCLB,BTMOEMEP,13570126
CCLHWFWF,JSLXRQOK,28012
SDWAYPIK,DUCMGGNW,725427
ZCELVYQU,ANWUJOKX,37177
FRHNWLNI,LRVGFDFM,1634723
PYZMVUWD,MIRCVAMV,52439
BSRMSVTC,QSDCUCLB,35665
BEZYMBBT,WBLJNPZQ,183618
JBVHSUWY,XUOIQPFL,3000975
OKMBFVKS,ATLDMDBO,36129400
NAQIHUKZ,KAGJCHMR,30665
FRHNWLNI,HXYSSRXE,4808798
APQGTRMF,WBLJNPZQ,186270
APQGTRMF,BTMOEMEP,13435440
BJALXPFS,QRKRBYJL,2809706
BJALXPFS,RAWUKQMJ,4095403
CCLHWFWF,FCYBOAXC,115207144
ZCELVYQU,ZXERAXWP,47439
RAWUKQMJ,AXULOHBQ,101740
KAGJCHMR,LTOYKIML,406611
DBWLZWNK,FWUCPMMW,28012
OGAFEHLU,ROACSLMG,2360601
SDWAYPIK,OGAFEHLU,37177
OGAFEHLU,AXULOHBQ,102184
JPBRUTWP,VWMBASNE,107466
XIFHSOWQ,MIRCVAMV,50231
NZKBIBNU,NAQIHUKZ,37177
WPQXWHYO,RJGPVEXX,550344
VUAFAIYJ,LRVGFDFM,1909650
OKMBFVKS,BTMOEMEP,13423922
DBWLZWNK,JPBRUTWP,5380288
ROACSLMG,WBLJNPZQ,183618
ANWUJOKX,FDXPMYGF,38317
LRVGFDFM,GYHKIVQT,15509803
QRKRBYJL,DNMPSKTB,5197923
FCYBOAXC,WBLJNPZQ,183618
AANGBULD,XIIEJNEE,109440
XIIEJNEE,IGDVVKUD,30665
QVLMOEYE,BTMOEMEP,13423922
UIFPPCLR,UXSPKBJR,420889
LRVGFDFM,AXULOHBQ,101740
ELQGMQWE,KJNSOAHR,12974955
WBLJNPZQ,RJGPVEXX,550788
BLANHGYY,SAHWCZNH,1957309
UQYUIVVR,FITUEHWN,101740
ROACSLMG,JPBRUTWP,5380288
KAGJCHMR,JSLXRQOK,28456
SDWAYPIK,LRVGFDFM,1647296
BTMOEMEP,GYHKIVQT,15509803
RAWUKQMJ,BLANHGYY,44002
IGDVVKUD,ANWUJOKX,37620
KJNSOAHR,FCYBOAXC,114644480
BJALXPFS,WBLJNPZQ,184062
QRKRBYJL,BTMOEMEP,13529496
ELQGMQWE,XIIEJNEE,109440
OXKURKXR,AXULOHBQ,102184
UXSPKBJR,LRVGFDFM,1647296
BTMOEMEP,OGAFEHLU,37177
EVBVXETX,ATLDMDBO,35985788
JBVHSUWY,ELQGMQWE,540609
VMAQSTJE,XIPPENFQ,111201
HXYSSRXE,SAHWCZNH,1954657
DBWLZWNK,JSLXRQOK,28012
DEWLVASR,ZCELVYQU,103758
KEUWZRKO,VWMBASNE,107466
XIIEJNEE,AXULOHBQ,102184
KEUWZRKO,NZKBIBNU,237851
LSOIUSXD,MIRCVAMV,50231
SAAYMURU,MBSBZBXA,5609969
NZKBIBNU,OKMBFVKS,1687170
AANGBULD,GKQIJYDH,6866368
UGEQLMXM,RAWUKQMJ,4095403
RCBZUSIM,BSRMSVTC,340990
XIIEJNEE,UXSPKBJR,420889
UQYUIVVR,JERHKLYW,38474
BEZYMBBT,DBWLZWNK,195868
BTMOEMEP,WBLJNPZQ,183618
XIIEJNEE,FRHNWLNI,844491
JBVHSUWY,KJNSOAHR,13268243
AXULOHBQ,PYZMVUWD,28456
SAHWCZNH,MIRCVAMV,49787
DBWLZWNK,QVLMOEYE,1249197
LRVGFDFM,QVLMOEYE,1249197
DBWLZWNK,FDXPMYGF,35665
QRKRBYJL,UXSPKBJR,420445
FCYBOAXC,VUAFAIYJ,821889
WBLJNPZQ,XIFHSOWQ,107790
FQCLOEXA,JSLXRQOK,28012
NAQIHUKZ,ZCELVYQU,104202
AXULOHBQ,LUENUFGA,3981585
QVLMOEYE,QRKRBYJL,2809706
LRVGFDFM,DNMPSKTB,5197923
LUENUFGA,ZGJXVMNI,3076623
RAWUKQMJ,SAHWCZNH,1954657
LUENUFGA,KAGJCHMR,28012
KJNSOAHR,BTMOEMEP,13423922
BJALXPFS,OGAFEHLU,37620
VMAQSTJE,XIFHSOWQ,108234
FRHNWLNI,IGDVVKUD,28012
GYHKIVQT,BSRMSVTC,340546
UIFPPCLR,KJNSOAHR,13275950
JPBRUTWP,JBVHSUWY,329671
MIRCVAMV,QSDCUCLB,36109
AANGBULD,NAQIHUKZ,37620
WBLJNPZQ,CCLHWFWF,14079952
AANGBULD,ZCELVYQU,103758
RCBZUSIM,SAHWCZNH,1955101
RCBZUSIM,FDXPMYGF,36109
WBLJNPZQ,LSOIUSXD,232380
BTMOEMEP,ANWUJOKX,37177
MIRCVAMV,CCLHWFWF,14104042
FQCLOEXA,FRHNWLNI,841839
VBYCLTYZ,RAWUKQMJ,4094959
UGEQLMXM,WHPUAOID,41994
QRKRBYJL,BSRMSVTC,340546
OGAFEHLU,SDWAYPIK,5257132
TGOELCAG,JERHKLYW,38474
FQCLOEXA,FITUEHWN,101740
LLHREMKS,ELQGMQWE,540165
NZKBIBNU,KEUWZRKO,344676
GKQIJYDH,UQYUIVVR,5392166
QSDCUCLB,QRKRBYJL,2909497
XUOIQPFL,OGAFEHLU,37177
OKMBFVKS,ANWUJOKX,37177
JSLXRQOK,LLHREMKS,83984
SDWAYPIK,OXKURKXR,129553
UXSPKBJR,FRHNWLNI,841839
RJGPVEXX,VUAFAIYJ,821889
BLANHGYY,KEUWZRKO,347329
JPBRUTWP,XUOIQPFL,3000975
BJALXPFS,DNMPSKTB,5165966
UXSPKBJR,XIIEJNEE,109440
UIFPPCLR,JPBRUTWP,5385814
XUOIQPFL,LRVGFDFM,1634723
APQGTRMF,RAWUKQMJ,4095403
XIFHSOWQ,XIPPENFQ,111201
AXULOHBQ,OGAFEHLU,37620
KJNSOAHR,ZCELVYQU,103758
FRHNWLNI,FDXPMYGF,35665
RAWUKQMJ,WBLJNPZQ,183618
RJGPVEXX,SAHWCZNH,1954657
QSDCUCLB,UXSPKBJR,423098
FQCLOEXA,ZXERAXWP,47439
ANWUJOKX,QVLMOEYE,1251850
ROACSLMG,FDXPMYGF,35665
LUENUFGA,SAHWCZNH,1954657
LUENUFGA,XIFHSOWQ,107790
FTSVTTSR,ZCELVYQU,104202
EVBVXETX,BJALXPFS,144708
FRHNWLNI,ATLDMDBO,36129400
XIIEJNEE,VBYCLTYZ,386154
XIIEJNEE,QVLMOEYE,1249641
UGEQLMXM,SUOYXCHP,36109
DNMPSKTB,VWMBASNE,107466
VMAQSTJE,RCBZUSIM,37406
VBYCLTYZ,UGEQLMXM,232588
VUAFAIYJ,LSOIUSXD,232823
ZCELVYQU,ELQGMQWE,540165
IGDVVKUD,BLANHGYY,44446
GKQIJYDH,ZXERAXWP,47439
AHMDUILJ,UXSPKBJR,420889
SAHWCZNH,RJGPVEXX,550344
QVLMOEYE,UXSPKBJR,420445
OGAFEHLU,WBLJNPZQ,186270
HXYSSRXE,BLANHGYY,44002
ZCELVYQU,ATLDMDBO,36171400
ANWUJOKX,BJALXPFS,147361
DBWLZWNK,OKMBFVKS,1687170
QRKRBYJL,BLANHGYY,44002
QSDCUCLB,VBYCLTYZ,388362
BEZYMBBT,OKMBFVKS,1687170
XUOIQPFL,AXULOHBQ,101740
RJGPVEXX,KJNSOAHR,12974955
ANWUJOKX,HXYSSRXE,4949615
FDXPMYGF,XIFHSOWQ,108234
LPHPPJUG,ANWUJOKX,37177
RCBZUSIM,BJALXPFS,147361
ATLDMDBO,BTMOEMEP,13436495
BSRMSVTC,JBVHSUWY,329671
QJQJSWFU,OKMBFVKS,1687614
SAHWCZNH,XIFHSOWQ,107790
OKMBFVKS,BEZYMBBT,3966304
QRKRBYJL,VBYCLTYZ,385710
KJNSOAHR,JPBRUTWP,5392860
BJALXPFS,XIFHSOWQ,108234
XUOIQPFL,OXKURKXR,129553
BSRMSVTC,JPBRUTWP,5422256
ROACSLMG,RAWUKQMJ,4094959
ZGJXVMNI,KJNSOAHR,12974955
KJNSOAHR,GKQIJYDH,6851216
ZGJXVMNI,NAQIHUKZ,37177
UXSPKBJR,VBYCLTYZ,385710
VBYCLTYZ,DUCMGGNW,725427
DNMPSKTB,IGDVVKUD,28012
ANWUJOKX,JPBRUTWP,5425539
BJALXPFS,RJGPVEXX,550788
BTMOEMEP,IGDVVKUD,28012
ROACSLMG,GYHKIVQT,15509803
ZGJXVMNI,EVBVXETX,5358094
WBLJNPZQ,LPHPPJUG,1247442
APQGTRMF,VMAQSTJE,78378
BSRMSVTC,WPQXWHYO,11048945
LRVGFDFM,XUOIQPFL,3000975
QRKRBYJL,QVLMOEYE,1249197
UIFPPCLR,ANWUJOKX,37620
XUOIQPFL,JPBRUTWP,5380288
QKXNTIIB,JSLXRQOK,28012
EVBVXETX,DJBLNPNC,28012
BJALXPFS,XUOIQPFL,3001419
RAWUKQMJ,HXYSSRXE,4808798
QVLMOEYE,XUOIQPFL,3000975
DNMPSKTB,OKMBFVKS,1687170
BEZYMBBT,RCBZUSIM,36962
ANWUJOKX,BTMOEMEP,13570126
DBWLZWNK,RCBZUSIM,36962
DBWLZWNK,AHMDUILJ,141396
QSDCUCLB,ATLDMDBO,35772908
EVBVXETX,IGDVVKUD,28012
WHPUAOID,LRVGFDFM,1673549
GYHKIVQT,RCBZUSIM,36962
JERHKLYW,TGOELCAG,244449
ZCELVYQU,AXULOHBQ,101740
QVLMOEYE,HXYSSRXE,4808798
VBYCLTYZ,FRHNWLNI,841839
WPQXWHYO,NZKBIBNU,237851
BTMOEMEP,JBVHSUWY,329671
LRVGFDFM,EVBVXETX,5358094
FDXPMYGF,VMAQSTJE,78378
XIIEJNEE,QRKRBYJL,2812359
QVLMOEYE,WBLJNPZQ,183618
QSDCUCLB,FRHNWLNI,844491
VMAQSTJE,ANWUJOKX,37620
HXYSSRXE,JBVHSUWY,329671
WBLJNPZQ,ZGJXVMNI,3077067
BEZYMBBT,BTMOEMEP,13423922
HXYSSRXE,JPBRUTWP,5380288
HXYSSRXE,RAWUKQMJ,4094959
LRVGFDFM,VWMBASNE,107466
EVBVXETX,BTMOEMEP,13423922
XUOIQPFL,VWMBASNE,107466
LUENUFGA,LPHPPJUG,1247442
ANWUJOKX,RAWUKQMJ,4197658
WQMVCOEM,BSRMSVTC,343198
LPHPPJUG,HXYSSRXE,4821372
ATLDMDBO,DBWLZWNK,195868
BUZIIBYG,FRHNWLNI,841839
FRHNWLNI,LUENUFGA,3978267
EVBVXETX,FRHNWLNI,841839
OGAFEHLU,DNMPSKTB,5280794
DBWLZWNK,VBYCLTYZ,385710
SAHWCZNH,WPQXWHYO,11048945
LRVGFDFM,BUZIIBYG,16436172
LRVGFDFM,DBWLZWNK,195868
OKMBFVKS,VWMBASNE,107466
SDWAYPIK,HXYSSRXE,4808798
BTMOEMEP,XIIEJNEE,109440
ANWUJOKX,WQMVCOEM,127912
BSRMSVTC,OKMBFVKS,1687170
DBWLZWNK,IGDVVKUD,28012
ELQGMQWE,FITUEHWN,101740
RCBZUSIM,AXULOHBQ,102184
RAWUKQMJ,BJALXPFS,144708
SAHWCZNH,KJNSOAHR,13258934
LSOIUSXD,VUAFAIYJ,822333
ANWUJOKX,OGAFEHLU,37620
OGAFEHLU,OKMBFVKS,1689822
BEZYMBBT,GYHKIVQT,15509803
ELQGMQWE,OKMBFVKS,1687170
LRVGFDFM,IGDVVKUD,28012
ANWUJOKX,RCBZUSIM,39615
GYHKIVQT,FDXPMYGF,35665
CCLHWFWF,UGEQLMXM,232588
LUENUFGA,XIPPENFQ,110757
LSOIUSXD,VWMBASNE,107910
XUOIQPFL,XIIEJNEE,109440
OKMBFVKS,HXYSSRXE,4821372
KJNSOAHR,LRVGFDFM,1634723
PYZMVUWD,UIFPPCLR,93544
SDWAYPIK,XUOIQPFL,3000975
BTMOEMEP,APQGTRMF,53099
DBWLZWNK,ANWUJOKX,37177
BSRMSVTC,PYZMVUWD,28012
DNMPSKTB,JPBRUTWP,5380288
KJNSOAHR,ANWUJOKX,37177
JPBRUTWP,OKMBFVKS,1687170
JSLXRQOK,GKQIJYDH,6840600
BSRMSVTC,QJQJSWFU,185986
BTMOEMEP,ROACSLMG,2357949
FQCLOEXA,BLANHGYY,44002
QRKRBYJL,AXULOHBQ,101740
DBWLZWNK,AXULOHBQ,101740
IGDVVKUD,AXULOHBQ,102184
TGOELCAG,SAHWCZNH,1954657
LSOIUSXD,AXULOHBQ,102184
JPBRUTWP,RCBZUSIM,36962
OKMBFVKS,FDXPMYGF,35665
UGEQLMXM,RCBZUSIM,37406
AANGBULD,VUAFAIYJ,824541
BLANHGYY,XUOIQPFL,3016200
XUOIQPFL,WBLJNPZQ,183618
ATLDMDBO,RAWUKQMJ,4094959
FCYBOAXC,ATLDMDBO,36129400
EVBVXETX,AXULOHBQ,101740
UXSPKBJR,BUZIIBYG,16436172
GYHKIVQT,JPBRUTWP,5380288
STZDBITS,KAGJCHMR,28012
DNMPSKTB,RAWUKQMJ,4094959
DNMPSKTB,AXULOHBQ,101740
KJNSOAHR,IGDVVKUD,28012
VWMBASNE,STZDBITS,20443248
DBWLZWNK,DJBLNPNC,28012
LUENUFGA,VWMBASNE,107466
LRVGFDFM,UXSPKBJR,420445
QRKRBYJL,OGAFEHLU,37177
HXYSSRXE,SDWAYPIK,5150734
ATLDMDBO,ANWUJOKX,37177
GYHKIVQT,LUENUFGA,3978267
XUOIQPFL,LSOIUSXD,232380
ROACSLMG,XUOIQPFL,3000975
OGAFEHLU,AHMDUILJ,144048
FRHNWLNI,ANWUJOKX,37177
BEZYMBBT,ELQGMQWE,540165
OXKURKXR,APQGTRMF,53543
ZGJXVMNI,LTOYKIML,406167
SDWAYPIK,RAWUKQMJ,4094959
KEUWZRKO,ZGJXVMNI,3076623
AXULOHBQ,HXYSSRXE,4818108
SDWAYPIK,UGEQLMXM,232588
LRVGFDFM,UGEQLMXM,232588
XIFHSOWQ,SAHWCZNH,1955101
BSRMSVTC,GYHKIVQT,15509803
ZCELVYQU,BJALXPFS,144708
DJBLNPNC,WHPUAOID,44202
QJQJSWFU,BEZYMBBT,3953178
BTMOEMEP,DNMPSKTB,5197923
SNHYOVBM,FDXPMYGF,35665
DBWLZWNK,APQGTRMF,53099
WQMVCOEM,DNMPSKTB,5191926
AXULOHBQ,BSRMSVTC,340990
BLANHGYY,FDXPMYGF,36109
ATLDMDBO,FDXPMYGF,35665
FQCLOEXA,EVBVXETX,5358094
GYHKIVQT,QVLMOEYE,1249197
UXSPKBJR,BTMOEMEP,13423922
VBYCLTYZ,SDWAYPIK,5154052
OJIFIHMZ,FTSVTTSR,214808
VBYCLTYZ,BEZYMBBT,3966304
VBYCLTYZ,QVLMOEYE,1249197
BJALXPFS,KEUWZRKO,345120
QRKRBYJL,LRVGFDFM,1634723
LRVGFDFM,FCYBOAXC,115554104
XUOIQPFL,DBWLZWNK,195868
LLHREMKS,AANGBULD,247356
DNMPSKTB,QVLMOEYE,1249197
LRVGFDFM,OKMBFVKS,1687170
UXSPKBJR,SDWAYPIK,5150734
UXSPKBJR,AXULOHBQ,101740
DBWLZWNK,HXYSSRXE,4808798
LTOYKIML,NAQIHUKZ,37177
DEWLVASR,FQCLOEXA,1756174
JBVHSUWY,UIFPPCLR,90892
LTOYKIML,LLHREMKS,83540
EVBVXETX,UXSPKBJR,420445
ROACSLMG,WQMVCOEM,125260
QVLMOEYE,BJALXPFS,144708
ROACSLMG,DJBLNPNC,28012
AXULOHBQ,XIFHSOWQ,108234
ZKENOUDA,FITUEHWN,101740
CCLHWFWF,VBYCLTYZ,385710
LUENUFGA,EVBVXETX,5358094
DJBLNPNC,WQMVCOEM,127912
GKQIJYDH,YSYHGLQK,28012
XUOIQPFL,WQMVCOEM,125260
OGAFEHLU,APQGTRMF,55751
BLANHGYY,AXULOHBQ,102184
OXKURKXR,ELQGMQWE,540609
ELQGMQWE,UQYUIVVR,5392166
JERHKLYW,XIPPENFQ,111201
RJGPVEXX,MIRCVAMV,49787
LLHREMKS,GKQIJYDH,6838392
VBYCLTYZ,WQMVCOEM,125260
AXULOHBQ,QJQJSWFU,186429
QRKRBYJL,BJALXPFS,144708
UXSPKBJR,ZGJXVMNI,3076623
WBLJNPZQ,QSDCUCLB,35665
FQCLOEXA,ZCELVYQU,103758
XUOIQPFL,PYZMVUWD,28012
QVLMOEYE,VWMBASNE,107466
HXYSSRXE,QSDCUCLB,35665
RJGPVEXX,ZXERAXWP,47439
XIFHSOWQ,LUENUFGA,3981585
SUOYXCHP,SAHWCZNH,1955101
JPBRUTWP,APQGTRMF,53099
SDWAYPIK,AXULOHBQ,101740
WBLJNPZQ,BJALXPFS,144708
RJGPVEXX,FRHNWLNI,841839
UGEQLMXM,UXSPKBJR,420889
SAHWCZNH,KEUWZRKO,344676
IGDVVKUD,VBYCLTYZ,386154
BTMOEMEP,BLANHGYY,44002
VWMBASNE,XUOIQPFL,3000975
CCLHWFWF,DBWLZWNK,195868
UXSPKBJR,SAHWCZNH,1954657
JPBRUTWP,AXULOHBQ,101740
WBLJNPZQ,BTMOEMEP,13433231
GYHKIVQT,SDWAYPIK,5150734
VUAFAIYJ,WBLJNPZQ,183618
KJNSOAHR,FWUCPMMW,28012
JERHKLYW,VUAFAIYJ,822333
QJQJSWFU,AANGBULD,247799
KJNSOAHR,DJBLNPNC,28012
QRKRBYJL,RCBZUSIM,36962
TGOELCAG,XMKRPGLB,1131148
CCLHWFWF,JBVHSUWY,329671
NZKBIBNU,DUCMGGNW,725427
WBLJNPZQ,DBWLZWNK,195868
XUOIQPFL,QSDCUCLB,35665
ZCELVYQU,BTMOEMEP,13423922
BJALXPFS,BTMOEMEP,13433231
NZKBIBNU,WPQXWHYO,11036372
HXYSSRXE,SUOYXCHP,35665
VUAFAIYJ,FTSVTTSR,214808
WBLJNPZQ,ZKENOUDA,345276
QSDCUCLB,JPBRUTWP,5402658
MIRCVAMV,JERHKLYW,38918
VUAFAIYJ,FCYBOAXC,116168416
UGEQLMXM,ANWUJOKX,37620
EVBVXETX,SAHWCZNH,1954657
OGAFEHLU,QJQJSWFU,188638
ATLDMDBO,IGDVVKUD,28012
NZKBIBNU,SAHWCZNH,1954657
ANWUJOKX,DJBLNPNC,30665
LPHPPJUG,KEUWZRKO,344676
KJNSOAHR,ROACSLMG,2357949
FRHNWLNI,WQMVCOEM,125260
LRVGFDFM,RAWUKQMJ,4094959
UGEQLMXM,ROACSLMG,2358393
GKQIJYDH,FWUCPMMW,28012
FRHNWLNI,BTMOEMEP,13423922
EVBVXETX,VBYCLTYZ,385710
WBLJNPZQ,BSRMSVTC,340990
FCYBOAXC,VWMBASNE,107466
OXKURKXR,DJBLNPNC,28456
RAWUKQMJ,OGAFEHLU,37177
XIIEJNEE,BUZIIBYG,16445481
DBWLZWNK,BJALXPFS,144708
VMAQSTJE,KEUWZRKO,345120
YSYHGLQK,KAGJCHMR,28456
XMKRPGLB,KAGJCHMR,28012
EVBVXETX,KEUWZRKO,344676
OKMBFVKS,BJALXPFS,144708
FWUCPMMW,HCDTGMST,111477
VBYCLTYZ,UXSPKBJR,420445
UIFPPCLR,OKMBFVKS,1687170
SUOYXCHP,LUENUFGA,3980161
QSDCUCLB,OGAFEHLU,37620
FRHNWLNI,SDWAYPIK,5150734
CCLHWFWF,JPBRUTWP,5380288
HXYSSRXE,KEUWZRKO,344676
JSLXRQOK,NAQIHUKZ,37620
BSRMSVTC,RJGPVEXX,550344
KJNSOAHR,VBYCLTYZ,385710
OGAFEHLU,MIRCVAMV,50231
RCBZUSIM,ATLDMDBO,36178936
RJGPVEXX,FCYBOAXC,115194008
XIFHSOWQ,WPQXWHYO,11045681
DUCMGGNW,BLANHGYY,44002
ZCELVYQU,GYHKIVQT,15504937
JPBRUTWP,BSRMSVTC,340546
ZCELVYQU,MBSBZBXA,5598450
LRVGFDFM,FRHNWLNI,841839
HXYSSRXE,XIFHSOWQ,107790
OXKURKXR,ANWUJOKX,37620
SUOYXCHP,PYZMVUWD,28456
KJNSOAHR,XIIEJNEE,109440
OGAFEHLU,ATLDMDBO,36027336
DEWLVASR,FTSVTTSR,214808
JPBRUTWP,BEZYMBBT,3966304
SDWAYPIK,OKMBFVKS,1687170
GYHKIVQT,HXYSSRXE,4808798
OGAFEHLU,UQYUIVVR,7917506
KEUWZRKO,WPQXWHYO,11048945
IGDVVKUD,LRVGFDFM,1671788
BEZYMBBT,RAWUKQMJ,4094959
XIIEJNEE,VWMBASNE,107910
DBWLZWNK,ROACSLMG,2357949
AHMDUILJ,QRKRBYJL,2810150
ANWUJOKX,UXSPKBJR,423098
VMAQSTJE,LUENUFGA,3981585
QVLMOEYE,SDWAYPIK,5150734
QVLMOEYE,OKMBFVKS,1687170
VWMBASNE,XIPPENFQ,111201
KEUWZRKO,XIFHSOWQ,107790
ELQGMQWE,ZGJXVMNI,3076623
FITUEHWN,RCBZUSIM,37406
DNMPSKTB,QJQJSWFU,185986
UGEQLMXM,BEZYMBBT,3979138
DNMPSKTB,XIFHSOWQ,107790
LUENUFGA,KJNSOAHR,13258934
AANGBULD,FTSVTTSR,215252
ATLDMDBO,OGAFEHLU,37177
ROACSLMG,UXSPKBJR,420445
LLHREMKS,BLANHGYY,44002
FRHNWLNI,BJALXPFS,144708
OGAFEHLU,QVLMOEYE,1251850
KEUWZRKO,WQMVCOEM,125260
GYHKIVQT,SAHWCZNH,1954657
BJALXPFS,QSDCUCLB,36109
UIFPPCLR,RAWUKQMJ,4094959
QVLMOEYE,BSRMSVTC,340546
OGAFEHLU,DUCMGGNW,728079
JPBRUTWP,IGDVVKUD,28012
ZGJXVMNI,SAHWCZNH,1954657
ANWUJOKX,APQGTRMF,55751
VMAQSTJE,QSDCUCLB,36109
XMKRPGLB,QJQJSWFU,185986
DEWLVASR,VMAQSTJE,77934
VUAFAIYJ,ZCELVYQU,103758
TGOELCAG,QSDCUCLB,35665
RJGPVEXX,XIPPENFQ,110757
WBLJNPZQ,RAWUKQMJ,4095403
ROACSLMG,BEZYMBBT,3978877
RJGPVEXX,KEUWZRKO,344676
ATLDMDBO,GYHKIVQT,15509803
VMAQSTJE,WBLJNPZQ,184062
DEWLVASR,EVBVXETX,5358094
DBWLZWNK,UXSPKBJR,420445
WQMVCOEM,HXYSSRXE,4808798
OGAFEHLU,BLANHGYY,44446
RJGPVEXX,SDWAYPIK,5163307
KJNSOAHR,LSOIUSXD,232380
BTMOEMEP,QSDCUCLB,35665
FWUCPMMW,SUOYXCHP,36109
BTMOEMEP,DBWLZWNK,195868
ANWUJOKX,QRKRBYJL,2881535
ELQGMQWE,CCLHWFWF,14969618
UIFPPCLR,HXYSSRXE,4820317
JPBRUTWP,PYZMVUWD,28012
KAGJCHMR,DDEXPPXU,37406
QRKRBYJL,HXYSSRXE,4808798
APQGTRMF,QVLMOEYE,1249641
ROACSLMG,RCBZUSIM,36962
WHPUAOID,LLHREMKS,83984
ZXERAXWP,FITUEHWN,102184
MIRCVAMV,DDEXPPXU,37406
LPHPPJUG,ELQGMQWE,540165
DJBLNPNC,AXULOHBQ,104392
DDEXPPXU,FTSVTTSR,215252
QJQJSWFU,UXSPKBJR,420889
MBSBZBXA,VBYCLTYZ,385710
JBVHSUWY,KEUWZRKO,345120
FDXPMYGF,LUENUFGA,4025762
QSDCUCLB,ANWUJOKX,37620
BJALXPFS,QJQJSWFU,186429
SDWAYPIK,UXSPKBJR,420445
ATLDMDBO,UXSPKBJR,420445
UQYUIVVR,UIFPPCLR,90892
AXULOHBQ,OKMBFVKS,1687614
BLANHGYY,WBLJNPZQ,184062
SAHWCZNH,AXULOHBQ,101740
SDWAYPIK,VWMBASNE,107466
DBWLZWNK,WBLJNPZQ,183618
FDXPMYGF,HXYSSRXE,4832890
OKMBFVKS,ELQGMQWE,540165
IGDVVKUD,FDXPMYGF,36109
BSRMSVTC,HCDTGMST,111033
QVLMOEYE,JPBRUTWP,5380288
FTSVTTSR,LLHREMKS,83984
WBLJNPZQ,PYZMVUWD,28456
OXKURKXR,BEZYMBBT,3991711
BTMOEMEP,UXSPKBJR,420445
XIIEJNEE,RCBZUSIM,37406
UQYUIVVR,QSDCUCLB,35665
HCDTGMST,ZGJXVMNI,3077067
OGAFEHLU,BEZYMBBT,3955386
APQGTRMF,DNMPSKTB,5204500
UIFPPCLR,JBVHSUWY,330115
PYZMVUWD,XIFHSOWQ,108234
OKMBFVKS,ZGJXVMNI,3076623
QJQJSWFU,QVLMOEYE,1249641
ELQGMQWE,HXYSSRXE,4808798
OGAFEHLU,WQMVCOEM,127912
UGEQLMXM,LPHPPJUG,1247886
KJNSOAHR,ATLDMDBO,36129400
BTMOEMEP,QVLMOEYE,1249197
VMAQSTJE,AHMDUILJ,141840
JBVHSUWY,AHMDUILJ,141396
FQCLOEXA,XIPPENFQ,110757
UIFPPCLR,WQMVCOEM,125704
VBYCLTYZ,GYHKIVQT,15509803
AHMDUILJ,ATLDMDBO,35943684
APQGTRMF,WHPUAOID,41994
KEUWZRKO,FRHNWLNI,841839
TGOELCAG,UIFPPCLR,90892
FTSVTTSR,XIIEJNEE,109440
SAHWCZNH,WQMVCOEM,125260
LRVGFDFM,QJQJSWFU,185986
DEWLVASR,ZKENOUDA,344832
RJGPVEXX,WPQXWHYO,11036372
KJNSOAHR,RCBZUSIM,36962
XMKRPGLB,BEZYMBBT,3978877
IGDVVKUD,FWUCPMMW,28456
DEWLVASR,FCYBOAXC,115548648
BJALXPFS,AXULOHBQ,102184
BSRMSVTC,XUOIQPFL,3042944
VMAQSTJE,WPQXWHYO,11040815
VBYCLTYZ,XUOIQPFL,3000975
UXSPKBJR,GYHKIVQT,15509803
LRVGFDFM,ANWUJOKX,37177
XIIEJNEE,EVBVXETX,5376194
ZCELVYQU,HXYSSRXE,4850768
LRVGFDFM,FWUCPMMW,28012
CCLHWFWF,FQCLOEXA,1756174
LRVGFDFM,LSOIUSXD,232380
JPBRUTWP,DBWLZWNK,195868
IGDVVKUD,WHPUAOID,41994
FCYBOAXC,MIRCVAMV,49787
OGAFEHLU,VBYCLTYZ,388362
LPHPPJUG,FQCLOEXA,1756174
BTMOEMEP,AXULOHBQ,101740
DUCMGGNW,FDXPMYGF,35665
OKMBFVKS,SDWAYPIK,5150734
ANWUJOKX,IGDVVKUD,30665
NZKBIBNU,LUENUFGA,3978267
FRHNWLNI,QVLMOEYE,1249197
YSYHGLQK,LPHPPJUG,1250095
BUZIIBYG,WPQXWHYO,11036372
SDWAYPIK,QJQJSWFU,185986
BJALXPFS,LRVGFDFM,1607418
JPBRUTWP,BLANHGYY,44002
OGAFEHLU,ZXERAXWP,50091
SAHWCZNH,LPHPPJUG,1247442
QKXNTIIB,WBLJNPZQ,183618
LRVGFDFM,BLANHGYY,44002
QJQJSWFU,XUOIQPFL,3000975
FQCLOEXA,WPQXWHYO,11036372
LTOYKIML,VUAFAIYJ,821889
XIIEJNEE,DJBLNPNC,28456
DDEXPPXU,FRHNWLNI,842283
FTSVTTSR,ZKENOUDA,344832
XIPPENFQ,AHMDUILJ,141840
XIIEJNEE,DBWLZWNK,198520
ELQGMQWE,AANGBULD,247356
RJGPVEXX,UQYUIVVR,5392166
BTMOEMEP,VBYCLTYZ,385710
LPHPPJUG,ZXERAXWP,47439
FCYBOAXC,FWUCPMMW,28012
XIIEJNEE,ROACSLMG,2358393
NZKBIBNU,RJGPVEXX,550344
WBLJNPZQ,XUOIQPFL,3001419
OXKURKXR,ATLDMDBO,36136936
FITUEHWN,SAAYMURU,46482
OGAFEHLU,BTMOEMEP,13433231
LTOYKIML,ROACSLMG,2387345
OGAFEHLU,LPHPPJUG,1247886
XUOIQPFL,HXYSSRXE,4808798
FRHNWLNI,DUCMGGNW,725427
SDWAYPIK,FDXPMYGF,35665
NZKBIBNU,EVBVXETX,5358094
VBYCLTYZ,LPHPPJUG,1247442
ROACSLMG,OKMBFVKS,1687170
TGOELCAG,KEUWZRKO,344676
SNHYOVBM,DUCMGGNW,727635
AHMDUILJ,LRVGFDFM,1673549
ZKENOUDA,VUAFAIYJ,821889
LPHPPJUG,AHMDUILJ,141396
XIFHSOWQ,KEUWZRKO,345120
OXKURKXR,ZKENOUDA,345276
VBYCLTYZ,APQGTRMF,53543
GYHKIVQT,VWMBASNE,107466
TGOELCAG,PYZMVUWD,28012
DNMPSKTB,XUOIQPFL,3000975
HCDTGMST,LUENUFGA,3981585
OKMBFVKS,FRHNWLNI,841839
APQGTRMF,SDWAYPIK,5182028
RJGPVEXX,ELQGMQWE,540165
UXSPKBJR,NZKBIBNU,237851
DNMPSKTB,GYHKIVQT,15509803
EVBVXETX,QRKRBYJL,2809706
XUOIQPFL,BTMOEMEP,13423922
QSDCUCLB,SAAYMURU,48690
HCDTGMST,XIPPENFQ,111201
ROACSLMG,BLANHGYY,44002
DNMPSKTB,DBWLZWNK,195868
UIFPPCLR,BEZYMBBT,3979138
DEWLVASR,APQGTRMF,53099
HXYSSRXE,FQCLOEXA,1756174
FQCLOEXA,BSRMSVTC,340546
ATLDMDBO,VWMBASNE,107466
QJQJSWFU,OXKURKXR,129997
UXSPKBJR,DJBLNPNC,28012
BEZYMBBT,ATLDMDBO,36129400
WPQXWHYO,FITUEHWN,101740
WBLJNPZQ,QKXNTIIB,2302180
UIFPPCLR,DUCMGGNW,725871
ROACSLMG,DNMPSKTB,5197923
BLANHGYY,LPHPPJUG,1247886
APQGTRMF,ATLDMDBO,36137744
DBWLZWNK,ELQGMQWE,540165
JBVHSUWY,ANWUJOKX,37177
OKMBFVKS,FQCLOEXA,1756174
LRVGFDFM,QSDCUCLB,35665
EVBVXETX,RCBZUSIM,36962
XUOIQPFL,ZXERAXWP,47439
NZKBIBNU,ELQGMQWE,540165
BTMOEMEP,UGEQLMXM,232588
QVLMOEYE,LRVGFDFM,1647296
UXSPKBJR,APQGTRMF,53099
VUAFAIYJ,KJNSOAHR,12974955
OKMBFVKS,QRKRBYJL,2809706
XUOIQPFL,UGEQLMXM,232588
RAWUKQMJ,VMAQSTJE,77934
JBVHSUWY,APQGTRMF,53543
FQCLOEXA,ATLDMDBO,36129400
RJGPVEXX,PYZMVUWD,28012
WQMVCOEM,XIFHSOWQ,110442
ATLDMDBO,JPBRUTWP,5380288
JPBRUTWP,RJGPVEXX,550344
FTSVTTSR,MBSBZBXA,5598450
FRHNWLNI,VBYCLTYZ,385710
DJBLNPNC,FDXPMYGF,36109
IGDVVKUD,QVLMOEYE,1249641
OKMBFVKS,UGEQLMXM,232588
QSDCUCLB,ROACSLMG,2360601
FQCLOEXA,LLHREMKS,83540
OKMBFVKS,DBWLZWNK,195868
LLHREMKS,ZCELVYQU,104202
UGEQLMXM,KJNSOAHR,13268243
UXSPKBJR,WQMVCOEM,125260
JPBRUTWP,ATLDMDBO,36129400
BUZIIBYG,FDXPMYGF,35665
DJBLNPNC,DNMPSKTB,5172026
STZDBITS,YSYHGLQK,28012
LLHREMKS,XIIEJNEE,109884
UXSPKBJR,FITUEHWN,101740
BLANHGYY,HCDTGMST,111477
UGEQLMXM,QRKRBYJL,2810150
GYHKIVQT,QRKRBYJL,2809706
UGEQLMXM,ATLDMDBO,36178936
WQMVCOEM,QSDCUCLB,36109
FQCLOEXA,AXULOHBQ,101740
UQYUIVVR,OGAFEHLU,37177
SDWAYPIK,WQMVCOEM,125260
NZKBIBNU,ZXERAXWP,47439
BLANHGYY,FQCLOEXA,1758826
RJGPVEXX,EVBVXETX,5358094
ROACSLMG,SNHYOVBM,390932
XMKRPGLB,ROACSLMG,2357949
IGDVVKUD,ATLDMDBO,36137744
DBWLZWNK,YSYHGLQK,28012
GYHKIVQT,ATLDMDBO,36129400
RCBZUSIM,PYZMVUWD,28456
ROACSLMG,VBYCLTYZ,385710
PYZMVUWD,AHMDUILJ,144048
FCYBOAXC,DUCMGGNW,725427
QRKRBYJL,FRHNWLNI,841839
RJGPVEXX,LUENUFGA,3978267
FCYBOAXC,LUENUFGA,3978267
AXULOHBQ,BJALXPFS,145152
LTOYKIML,WHPUAOID,41550
QSDCUCLB,QVLMOEYE,1251850
WPQXWHYO,XIIEJNEE,109440
ZGJXVMNI,WPQXWHYO,11036372
HXYSSRXE,BJALXPFS,144708
RJGPVEXX,VWMBASNE,107466
PYZMVUWD,ZXERAXWP,47883
OKMBFVKS,AXULOHBQ,101740
DNMPSKTB,PYZMVUWD,28012
UXSPKBJR,EVBVXETX,5358094
DBWLZWNK,QRKRBYJL,2809706
XUOIQPFL,DNMPSKTB,5197923
KJNSOAHR,UGEQLMXM,232588
QRKRBYJL,OKMBFVKS,1687170
ZKENOUDA,RJGPVEXX,550344
AANGBULD,KAGJCHMR,28012
ANWUJOKX,UGEQLMXM,235240
RAWUKQMJ,DNMPSKTB,5197923
LRVGFDFM,SDWAYPIK,5150734
BEZYMBBT,QRKRBYJL,2809706
UQYUIVVR,ZKENOUDA,344832
KAGJCHMR,NAQIHUKZ,37620
QSDCUCLB,LRVGFDFM,1742643
RAWUKQMJ,XIFHSOWQ,107790
XUOIQPFL,KJNSOAHR,13258934
FCYBOAXC,JSLXRQOK,28012
RAWUKQMJ,WPQXWHYO,11036372
LSOIUSXD,QVLMOEYE,1249641
DNMPSKTB,ATLDMDBO,36129400
BSRMSVTC,ROACSLMG,2387345
DEWLVASR,RAWUKQMJ,4094959
LRVGFDFM,PYZMVUWD,28012
LUENUFGA,ZXERAXWP,47439
AANGBULD,KJNSOAHR,13002931
JPBRUTWP,QVLMOEYE,1249197
MIRCVAMV,VUAFAIYJ,822333
LRVGFDFM,BTMOEMEP,13423922
XUOIQPFL,APQGTRMF,53099
DBWLZWNK,DNMPSKTB,5197923
EVBVXETX,WQMVCOEM,125260
DUCMGGNW,SUOYXCHP,35665
WBLJNPZQ,UIFPPCLR,90892
OXKURKXR,UGEQLMXM,233032
HXYSSRXE,OKMBFVKS,1687170
SNHYOVBM,DJBLNPNC,28012
FTSVTTSR,ZXERAXWP,47439
RAWUKQMJ,JBVHSUWY,329671
LPHPPJUG,PYZMVUWD,28012
BTMOEMEP,QRKRBYJL,2809706
HCDTGMST,XIFHSOWQ,108234
RJGPVEXX,ZCELVYQU,103758
JPBRUTWP,GYHKIVQT,15509803
KEUWZRKO,JBVHSUWY,329671
ZGJXVMNI,FITUEHWN,101740
DJBLNPNC,WBLJNPZQ,186270
UXSPKBJR,QRKRBYJL,2809706
BEZYMBBT,WQMVCOEM,125260
ATLDMDBO,BJALXPFS,144708
DNMPSKTB,QSDCUCLB,35665
RJGPVEXX,VBYCLTYZ,385710
ELQGMQWE,JERHKLYW,38474
APQGTRMF,BLANHGYY,44446
VUAFAIYJ,LLHREMKS,83984
JPBRUTWP,UGEQLMXM,232588
QJQJSWFU,HCDTGMST,111033
NZKBIBNU,LTOYKIML,406167
UXSPKBJR,ROACSLMG,2357949
FWUCPMMW,TGOELCAG,246657
SDWAYPIK,RJGPVEXX,550344
CCLHWFWF,XUOIQPFL,3042944
WBLJNPZQ,JERHKLYW,38474
XIIEJNEE,HXYSSRXE,4832890
DBWLZWNK,VWMBASNE,107466
XIPPENFQ,KAGJCHMR,28456
BEZYMBBT,ANWUJOKX,37177
XIIEJNEE,BLANHGYY,44446
NZKBIBNU,QJQJSWFU,185986
DEWLVASR,BEZYMBBT,3966304
AANGBULD,LLHREMKS,83984
VMAQSTJE,VWMBASNE,107910
VBYCLTYZ,QRKRBYJL,2810150
DUCMGGNW,BUZIIBYG,18072302
AHMDUILJ,JPBRUTWP,5383606
QRKRBYJL,RAWUKQMJ,4094959
BEZYMBBT,DNMPSKTB,5197923
XUOIQPFL,QRKRBYJL,2809706
TGOELCAG,OJIFIHMZ,2614412
HXYSSRXE,QRKRBYJL,2809706
MBSBZBXA,JBVHSUWY,329671
OGAFEHLU,XIFHSOWQ,110442
GYHKIVQT,EVBVXETX,5358094
AANGBULD,DDEXPPXU,39615
KEUWZRKO,UIFPPCLR,90892
ROACSLMG,AHMDUILJ,141396
KEUWZRKO,RJGPVEXX,550344
BEZYMBBT,XUOIQPFL,3000975
BTMOEMEP,OXKURKXR,129553
QJQJSWFU,XIFHSOWQ,107790
ROACSLMG,QRKRBYJL,2809706
BTMOEMEP,FDXPMYGF,35665
WBLJNPZQ,JBVHSUWY,329671
UXSPKBJR,ATLDMDBO,36129400
LUENUFGA,WPQXWHYO,11036372
JBVHSUWY,QJQJSWFU,186429
FQCLOEXA,WQMVCOEM,125260
NZKBIBNU,FITUEHWN,101740
FTSVTTSR,TGOELCAG,244449
VBYCLTYZ,JPBRUTWP,5380288
BUZIIBYG,DJBLNPNC,28012
SDWAYPIK,LSOIUSXD,232380
BLANHGYY,BJALXPFS,145152
SDWAYPIK,IGDVVKUD,28012
DBWLZWNK,LSOIUSXD,232380
OGAFEHLU,VMAQSTJE,80586
XIPPENFQ,FCYBOAXC,116047440
FQCLOEXA,AHMDUILJ,141396
VBYCLTYZ,ATLDMDBO,36171400
NZKBIBNU,FWUCPMMW,28012
QRKRBYJL,ANWUJOKX,37177
FRHNWLNI,UXSPKBJR,420445
ZGJXVMNI,DDEXPPXU,36962
ROACSLMG,FRHNWLNI,841839
DEWLVASR,DNMPSKTB,5197923
LPHPPJUG,OGAFEHLU,37177
NAQIHUKZ,FITUEHWN,104392
SDWAYPIK,RCBZUSIM,36962
AHMDUILJ,VBYCLTYZ,386154
IGDVVKUD,BEZYMBBT,3955386
ZKENOUDA,GKQIJYDH,6838642
OGAFEHLU,KJNSOAHR,13263377
VMAQSTJE,SDWAYPIK,5154052
JPBRUTWP,OXKURKXR,129553
RAWUKQMJ,FQCLOEXA,1756174
LPHPPJUG,DJBLNPNC,28012
VUAFAIYJ,APQGTRMF,53099
SAAYMURU,SUOYXCHP,36109
ZXERAXWP,VUAFAIYJ,822333
RCBZUSIM,BLANHGYY,46654
BJALXPFS,UIFPPCLR,91336
AHMDUILJ,HXYSSRXE,4830682
JPBRUTWP,HXYSSRXE,4808798
XUOIQPFL,OKMBFVKS,1687170
ELQGMQWE,ZKENOUDA,344832
PYZMVUWD,KJNSOAHR,13286636
AHMDUILJ,BUZIIBYG,16445481
IGDVVKUD,DNMPSKTB,5168174
XIPPENFQ,NZKBIBNU,238295
JBVHSUWY,AANGBULD,247356
STZDBITS,OJIFIHMZ,2614412
NZKBIBNU,FTSVTTSR,214808
LUENUFGA,RAWUKQMJ,4094959
OKMBFVKS,OGAFEHLU,37177
BLANHGYY,TGOELCAG,246657
NZKBIBNU,WHPUAOID,41550
BEZYMBBT,SDWAYPIK,5150734
GYHKIVQT,DNMPSKTB,5197923
IGDVVKUD,FRHNWLNI,842283
BLANHGYY,JPBRUTWP,5453551
FWUCPMMW,NAQIHUKZ,37620
DBWLZWNK,FQCLOEXA,1756174
OKMBFVKS,ZXERAXWP,47439
LSOIUSXD,BLANHGYY,44446
JBVHSUWY,JERHKLYW,38474
ATLDMDBO,BLANHGYY,44002
RJGPVEXX,GYHKIVQT,15509803
XIIEJNEE,SDWAYPIK,5198230
WPQXWHYO,VMAQSTJE,77934
VUAFAIYJ,VWMBASNE,107910
RJGPVEXX,BEZYMBBT,3966304
HXYSSRXE,ATLDMDBO,36129400
BSRMSVTC,BEZYMBBT,4008273
SDWAYPIK,DBWLZWNK,195868
AHMDUILJ,QVLMOEYE,1249641
DBWLZWNK,DUCMGGNW,725427
ROACSLMG,ATLDMDBO,36129400
UQYUIVVR,JSLXRQOK,28012
BUZIIBYG,ZXERAXWP,47439
LRVGFDFM,DUCMGGNW,725427
APQGTRMF,HXYSSRXE,4818108
AXULOHBQ,XUOIQPFL,3001419
GYHKIVQT,AXULOHBQ,101740
LPHPPJUG,SDWAYPIK,5150734
AXULOHBQ,VUAFAIYJ,822333
ZKENOUDA,ZGJXVMNI,3076623
XUOIQPFL,VUAFAIYJ,821889
DBWLZWNK,ZXERAXWP,47439
QRKRBYJL,LPHPPJUG,1247442
QKXNTIIB,LLHREMKS,83540
OKMBFVKS,DEWLVASR,356821
APQGTRMF,OGAFEHLU,37620
UXSPKBJR,WHPUAOID,41550
WBLJNPZQ,VUAFAIYJ,821889
OKMBFVKS,XUOIQPFL,3000975
FQCLOEXA,VBYCLTYZ,385710
BJALXPFS,SNHYOVBM,391376
XUOIQPFL,UXSPKBJR,420445
DUCMGGNW,QSDCUCLB,35665
LPHPPJUG,XIFHSOWQ,107790
BUZIIBYG,WQMVCOEM,125260
HXYSSRXE,UIFPPCLR,90892
LSOIUSXD,DNMPSKTB,5191926
HXYSSRXE,TGOELCAG,244005
LPHPPJUG,JBVHSUWY,329671
WHPUAOID,FDXPMYGF,36109
LLHREMKS,QKXNTIIB,2685172
XUOIQPFL,LPHPPJUG,1247442
EVBVXETX,ANWUJOKX,37177
HXYSSRXE,EVBVXETX,5358094
WPQXWHYO,LUENUFGA,3978267
APQGTRMF,YSYHGLQK,28456
BTMOEMEP,UIFPPCLR,90892
BEZYMBBT,OXKURKXR,129553
LRVGFDFM,LPHPPJUG,1247442
VUAFAIYJ,AANGBULD,247356
XMKRPGLB,SAAYMURU,46038
OJIFIHMZ,SNHYOVBM,390932
DEWLVASR,OGAFEHLU,37177
DNMPSKTB,DJBLNPNC,28012
FDXPMYGF,HCDTGMST,111477
DEWLVASR,LLHREMKS,83540
UXSPKBJR,OGAFEHLU,37177
PYZMVUWD,LSOIUSXD,232823
QVLMOEYE,IGDVVKUD,28012
XMKRPGLB,PYZMVUWD,28012
SNHYOVBM,YSYHGLQK,28012
OGAFEHLU,RJGPVEXX,550788
SAAYMURU,FWUCPMMW,28456
ATLDMDBO,WQMVCOEM,125260
FRHNWLNI,DNMPSKTB,5197923
GYHKIVQT,WBLJNPZQ,183618
CCLHWFWF,SUOYXCHP,35665
XIFHSOWQ,AHMDUILJ,141840
VMAQSTJE,UIFPPCLR,91336
LLHREMKS,YSYHGLQK,28012
NAQIHUKZ,SAAYMURU,46482
FTSVTTSR,DEWLVASR,356821
VMAQSTJE,GYHKIVQT,15514246
LSOIUSXD,UIFPPCLR,91336
RCBZUSIM,GYHKIVQT,15547088
ZKENOUDA,ZXERAXWP,47439
IGDVVKUD,WQMVCOEM,125704
OKMBFVKS,RJGPVEXX,550344
IGDVVKUD,RAWUKQMJ,4097611
FQCLOEXA,BUZIIBYG,16428168
ZCELVYQU,WBLJNPZQ,183618
ZKENOUDA,OJIFIHMZ,2614412
BUZIIBYG,FWUCPMMW,28012
XIFHSOWQ,ZXERAXWP,47883
BSRMSVTC,EVBVXETX,5358094
LSOIUSXD,ELQGMQWE,540609
LRVGFDFM,QRKRBYJL,2809706
JPBRUTWP,RAWUKQMJ,4094959
SAHWCZNH,EVBVXETX,5358094
UIFPPCLR,APQGTRMF,53543
DNMPSKTB,RJGPVEXX,550344
ROACSLMG,OXKURKXR,129553
OKMBFVKS,RCBZUSIM,36962
BEZYMBBT,KJNSOAHR,13258934
EVBVXETX,FQCLOEXA,1756174
SNHYOVBM,BLANHGYY,44002
UGEQLMXM,FWUCPMMW,28456
OXKURKXR,RCBZUSIM,37406
BTMOEMEP,LPHPPJUG,1247442
JPBRUTWP,VBYCLTYZ,385710
BEZYMBBT,JPBRUTWP,5380288
LTOYKIML,WBLJNPZQ,183618
DNMPSKTB,HXYSSRXE,4808798
QRKRBYJL,BEZYMBBT,3966304
RAWUKQMJ,FDXPMYGF,35665
BTMOEMEP,ATLDMDBO,36129400
UGEQLMXM,ELQGMQWE,540609
UGEQLMXM,DUCMGGNW,725871
ZXERAXWP,MIRCVAMV,50231
KAGJCHMR,FQCLOEXA,1756618
FRHNWLNI,LPHPPJUG,1247442
FDXPMYGF,BSRMSVTC,343198
STZDBITS,OXKURKXR,129553
LUENUFGA,UGEQLMXM,232588
MBSBZBXA,DDEXPPXU,36962
DUCMGGNW,ANWUJOKX,37177
MBSBZBXA,HCDTGMST,111033
UXSPKBJR,JPBRUTWP,5380288
XIIEJNEE,UGEQLMXM,235240
FWUCPMMW,WHPUAOID,41994
OGAFEHLU,XIIEJNEE,112092
DEWLVASR,AANGBULD,247356
HXYSSRXE,GYHKIVQT,15509803
DNMPSKTB,BTMOEMEP,13423922
ATLDMDBO,OKMBFVKS,1687170
HXYSSRXE,DNMPSKTB,5197923
DNMPSKTB,SDWAYPIK,5150734
DNMPSKTB,BEZYMBBT,3966304
BUZIIBYG,ANWUJOKX,37177
SAHWCZNH,XIPPENFQ,110757
ATLDMDBO,OXKURKXR,129553
FQCLOEXA,DEWLVASR,356821
LLHREMKS,MBSBZBXA,5607760
IGDVVKUD,SDWAYPIK,5194602
GYHKIVQT,PYZMVUWD,28012
AXULOHBQ,RJGPVEXX,550788
NAQIHUKZ,DEWLVASR,359473
VMAQSTJE,OGAFEHLU,37620
OXKURKXR,ZGJXVMNI,3077067
EVBVXETX,FWUCPMMW,28012
JBVHSUWY,LTOYKIML,406167
DDEXPPXU,JSLXRQOK,28456
QKXNTIIB,SAAYMURU,46038
WQMVCOEM,SUOYXCHP,36109
XIFHSOWQ,RAWUKQMJ,4095403
VBYCLTYZ,OKMBFVKS,1687170
ELQGMQWE,RJGPVEXX,550344
FDXPMYGF,LSOIUSXD,232823
ROACSLMG,HCDTGMST,111033
XIFHSOWQ,FCYBOAXC,115487056
KEUWZRKO,KJNSOAHR,13258934
OJIFIHMZ,STZDBITS,20005514
BSRMSVTC,KJNSOAHR,13258934
WQMVCOEM,PYZMVUWD,28456
DEWLVASR,MBSBZBXA,5585878
APQGTRMF,ROACSLMG,2389553
SDWAYPIK,LPHPPJUG,1247442
SDWAYPIK,VMAQSTJE,77934
BEZYMBBT,UGEQLMXM,232588
UIFPPCLR,ZXERAXWP,47883
ELQGMQWE,KEUWZRKO,344676
FDXPMYGF,QSDCUCLB,36109
QRKRBYJL,XUOIQPFL,3000975
PYZMVUWD,XMKRPGLB,1163196
RCBZUSIM,DNMPSKTB,5193942
ATLDMDBO,VBYCLTYZ,385710
UXSPKBJR,LUENUFGA,3978267
RCBZUSIM,SUOYXCHP,36109
BTMOEMEP,FRHNWLNI,841839
AHMDUILJ,RAWUKQMJ,4095403
AXULOHBQ,HCDTGMST,111477
GYHKIVQT,OGAFEHLU,37177
OKMBFVKS,IGDVVKUD,28012
VMAQSTJE,OJIFIHMZ,2614856
MIRCVAMV,LTOYKIML,408820
OJIFIHMZ,FITUEHWN,101740
KJNSOAHR,BLANHGYY,44002
FRHNWLNI,FITUEHWN,101740
BLANHGYY,LUENUFGA,4023554
ATLDMDBO,DNMPSKTB,5197923
AHMDUILJ,SAHWCZNH,1955101
FWUCPMMW,WBLJNPZQ,184062
APQGTRMF,DJBLNPNC,28456
LPHPPJUG,AXULOHBQ,101740
JPBRUTWP,FDXPMYGF,35665
VUAFAIYJ,UGEQLMXM,233032
OXKURKXR,VMAQSTJE,78378
DNMPSKTB,ZXERAXWP,47439
DJBLNPNC,LRVGFDFM,1710669
SDWAYPIK,VBYCLTYZ,385710
HXYSSRXE,RJGPVEXX,550344
QSDCUCLB,DJBLNPNC,30665
ZGJXVMNI,ZKENOUDA,344832
XMKRPGLB,AHMDUILJ,141396
KJNSOAHR,EVBVXETX,5370667
ZGJXVMNI,VUAFAIYJ,821889
APQGTRMF,XUOIQPFL,3003627
ZKENOUDA,MBSBZBXA,5598450
LSOIUSXD,KJNSOAHR,13268243
BLANHGYY,WPQXWHYO,11084941
APQGTRMF,QKXNTIIB,2333784
OKMBFVKS,GYHKIVQT,15509803
JBVHSUWY,SDWAYPIK,5166626
OKMBFVKS,DNMPSKTB,5197923
ATLDMDBO,BSRMSVTC,340546
SNHYOVBM,ANWUJOKX,37177
FWUCPMMW,AXULOHBQ,104392
LLHREMKS,LSOIUSXD,232380
LUENUFGA,DNMPSKTB,5210496
DEWLVASR,WPQXWHYO,11036372
WBLJNPZQ,OKMBFVKS,1687614
RJGPVEXX,ZKENOUDA,344832
LPHPPJUG,ZGJXVMNI,3076623
JBVHSUWY,STZDBITS,20005514
ZGJXVMNI,FTSVTTSR,214808
LTOYKIML,OJIFIHMZ,2614412
WPQXWHYO,SAHWCZNH,1954657
ZXERAXWP,YSYHGLQK,28456
JPBRUTWP,DJBLNPNC,28012
RAWUKQMJ,MIRCVAMV,49787
DJBLNPNC,BSRMSVTC,343198
QVLMOEYE,RAWUKQMJ,4094959
BUZIIBYG,XIIEJNEE,109440
SAHWCZNH,NZKBIBNU,237851
ROACSLMG,QVLMOEYE,1249197
XUOIQPFL,VBYCLTYZ,385710
OKMBFVKS,KJNSOAHR,13258934
DDEXPPXU,NZKBIBNU,238295
DEWLVASR,ELQGMQWE,540165
ROACSLMG,WHPUAOID,41550
SNHYOVBM,BSRMSVTC,340546
VBYCLTYZ,WHPUAOID,41550
STZDBITS,UXSPKBJR,420445
BUZIIBYG,BTMOEMEP,14454496
BTMOEMEP,SAHWCZNH,1954657
LUENUFGA,ATLDMDBO,36146228
ATLDMDBO,FRHNWLNI,841839
UGEQLMXM,OKMBFVKS,1687614
UGEQLMXM,GYHKIVQT,15519112
DNMPSKTB,QRKRBYJL,2809706
JPBRUTWP,OGAFEHLU,37177
KAGJCHMR,DEWLVASR,359473
DJBLNPNC,HCDTGMST,111477
HCDTGMST,JERHKLYW,38918
DJBLNPNC,FITUEHWN,102184
ZKENOUDA,EVBVXETX,5358094
LRVGFDFM,VBYCLTYZ,385710
AXULOHBQ,KEUWZRKO,345120
UXSPKBJR,LPHPPJUG,1247442
DUCMGGNW,KEUWZRKO,344676
HXYSSRXE,LPHPPJUG,1247442
RAWUKQMJ,DJBLNPNC,28012
BEZYMBBT,YSYHGLQK,28012
AANGBULD,FITUEHWN,101740
FWUCPMMW,JSLXRQOK,28456
XIPPENFQ,LSOIUSXD,232823
QRKRBYJL,VWMBASNE,107466
FDXPMYGF,PYZMVUWD,28456
RJGPVEXX,XIFHSOWQ,107790
JSLXRQOK,SAAYMURU,46482
VBYCLTYZ,RCBZUSIM,36962
QKXNTIIB,SNHYOVBM,390932
VBYCLTYZ,LRVGFDFM,1634723
GYHKIVQT,FQCLOEXA,1756174
OGAFEHLU,OXKURKXR,132206
XMKRPGLB,XIPPENFQ,110757
VBYCLTYZ,SAHWCZNH,1954657
DNMPSKTB,WBLJNPZQ,183618
VMAQSTJE,STZDBITS,20207662
KJNSOAHR,BUZIIBYG,16448745
FRHNWLNI,RAWUKQMJ,4094959
ZXERAXWP,CCLHWFWF,14133130
OJIFIHMZ,RCBZUSIM,36962
RAWUKQMJ,EVBVXETX,5358094
QJQJSWFU,FDXPMYGF,36109
OJIFIHMZ,JERHKLYW,38474
ZKENOUDA,WBLJNPZQ,183618
IGDVVKUD,SUOYXCHP,36109
IGDVVKUD,ROACSLMG,2387789
LSOIUSXD,FDXPMYGF,36109
SDWAYPIK,FQCLOEXA,1756174
FQCLOEXA,QSDCUCLB,35665
HXYSSRXE,QVLMOEYE,1249197
DUCMGGNW,DJBLNPNC,28012
UGEQLMXM,APQGTRMF,53543
GYHKIVQT,LPHPPJUG,1247442
FDXPMYGF,CCLHWFWF,14104042
XIIEJNEE,OKMBFVKS,1687614
LRVGFDFM,ATLDMDBO,36129400
YSYHGLQK,AANGBULD,247799
SDWAYPIK,DNMPSKTB,5197923
QJQJSWFU,RJGPVEXX,550788
LTOYKIML,OXKURKXR,129553
BSRMSVTC,STZDBITS,20033490
DEWLVASR,QJQJSWFU,185986
ATLDMDBO,HXYSSRXE,4808798
NAQIHUKZ,LLHREMKS,83984
BJALXPFS,FITUEHWN,102184
XIPPENFQ,RJGPVEXX,550788
BJALXPFS,XIIEJNEE,109884
UIFPPCLR,QVLMOEYE,1249641
ANWUJOKX,ATLDMDBO,36146380
FWUCPMMW,LLHREMKS,86192
UIFPPCLR,RJGPVEXX,550788
KJNSOAHR,ZXERAXWP,47439
UXSPKBJR,KEUWZRKO,344676
QRKRBYJL,LSOIUSXD,232380
WHPUAOID,XIIEJNEE,109884
LSOIUSXD,DUCMGGNW,725871
GYHKIVQT,BTMOEMEP,13423922
VMAQSTJE,BEZYMBBT,3953178
CCLHWFWF,DUCMGGNW,725427
RJGPVEXX,UIFPPCLR,90892
BLANHGYY,BSRMSVTC,340990
BUZIIBYG,RJGPVEXX,550344
WPQXWHYO,KJNSOAHR,12974955
SDWAYPIK,ATLDMDBO,36129400
BEZYMBBT,QVLMOEYE,1249197
BTMOEMEP,XUOIQPFL,3000975
UXSPKBJR,OKMBFVKS,1687170
RJGPVEXX,ANWUJOKX,37177
QKXNTIIB,NAQIHUKZ,37177
GYHKIVQT,BEZYMBBT,3966304
FWUCPMMW,FRHNWLNI,844491
XIIEJNEE,DUCMGGNW,728079
CCLHWFWF,LRVGFDFM,1634723
BSRMSVTC,ZGJXVMNI,3076623
GYHKIVQT,OKMBFVKS,1687170
MBSBZBXA,AHMDUILJ,141396
PYZMVUWD,QJQJSWFU,188638
FDXPMYGF,TGOELCAG,244449
OXKURKXR,WBLJNPZQ,184062
ZGJXVMNI,ELQGMQWE,540165
UQYUIVVR,FTSVTTSR,214808
AANGBULD,ELQGMQWE,540165
FWUCPMMW,BSRMSVTC,343198
AANGBULD,ZKENOUDA,345276
DUCMGGNW,FRHNWLNI,841839
APQGTRMF,AANGBULD,249564
ZGJXVMNI,ZXERAXWP,47439
MBSBZBXA,TGOELCAG,244005
AHMDUILJ,APQGTRMF,53543
APQGTRMF,GYHKIVQT,15608063
RCBZUSIM,QVLMOEYE,1249641
VUAFAIYJ,DUCMGGNW,725427
OGAFEHLU,XIPPENFQ,113409
OGAFEHLU,LSOIUSXD,232823
LTOYKIML,MBSBZBXA,5760872
WPQXWHYO,KEUWZRKO,344676
FRHNWLNI,XUOIQPFL,3000975
DNMPSKTB,RCBZUSIM,36962
VMAQSTJE,ZXERAXWP,47883
GYHKIVQT,ZGJXVMNI,3076623
DJBLNPNC,DUCMGGNW,728079
FQCLOEXA,LUENUFGA,3978267
UGEQLMXM,DNMPSKTB,5191926
ANWUJOKX,LPHPPJUG,1247886
BLANHGYY,VMAQSTJE,80586
WPQXWHYO,XIFHSOWQ,107790
ZGJXVMNI,LUENUFGA,3978267
OXKURKXR,FQCLOEXA,1756618
ROACSLMG,LRVGFDFM,1607418
DEWLVASR,SDWAYPIK,5150734
PYZMVUWD,RJGPVEXX,552996
DNMPSKTB,XIIEJNEE,109440
SNHYOVBM,AHMDUILJ,141396
XMKRPGLB,BSRMSVTC,340546
KAGJCHMR,RJGPVEXX,550788
OKMBFVKS,APQGTRMF,53099
FDXPMYGF,UGEQLMXM,233032
FRHNWLNI,GYHKIVQT,15509803
FDXPMYGF,DNMPSKTB,5194135
QJQJSWFU,GYHKIVQT,15519112
APQGTRMF,FQCLOEXA,1756618
LPHPPJUG,OKMBFVKS,1687170
OXKURKXR,OGAFEHLU,37620
RJGPVEXX,DEWLVASR,356821
DNMPSKTB,VBYCLTYZ,385710
LRVGFDFM,RCBZUSIM,36962
DEWLVASR,KJNSOAHR,12974955
APQGTRMF,OXKURKXR,129997
RCBZUSIM,XUOIQPFL,3001419
SAHWCZNH,JSLXRQOK,28012
QSDCUCLB,DBWLZWNK,198520
XIFHSOWQ,EVBVXETX,5361412
WBLJNPZQ,VMAQSTJE,77934
BTMOEMEP,SDWAYPIK,5150734
OXKURKXR,JSLXRQOK,28456
BLANHGYY,PYZMVUWD,28456
GKQIJYDH,ELQGMQWE,540165
LPHPPJUG,LUENUFGA,3978267
QRKRBYJL,IGDVVKUD,28012
EVBVXETX,NZKBIBNU,237851
TGOELCAG,AHMDUILJ,141840
IGDVVKUD,OKMBFVKS,1687614
ATLDMDBO,XIIEJNEE,109440
BJALXPFS,DJBLNPNC,28456
VMAQSTJE,ZGJXVMNI,3077067
LTOYKIML,AANGBULD,247356
RJGPVEXX,NZKBIBNU,237851
QVLMOEYE,LSOIUSXD,232380
MIRCVAMV,NZKBIBNU,240503
OJIFIHMZ,KEUWZRKO,344676
RAWUKQMJ,RJGPVEXX,550344
SAHWCZNH,FITUEHWN,101740
ANWUJOKX,SDWAYPIK,5164012
BLANHGYY,HXYSSRXE,4820317
JPBRUTWP,YSYHGLQK,28012
ZGJXVMNI,RCBZUSIM,36962
APQGTRMF,RJGPVEXX,552552
DDEXPPXU,GKQIJYDH,7706937
DNMPSKTB,OXKURKXR,129553
JBVHSUWY,LLHREMKS,83540
ZXERAXWP,LTOYKIML,406611
AANGBULD,UIFPPCLR,91336
MBSBZBXA,OJIFIHMZ,2614412
JPBRUTWP,DNMPSKTB,5197923
XIIEJNEE,DNMPSKTB,5174040
DUCMGGNW,RJGPVEXX,550344
SDWAYPIK,BTMOEMEP,13423922
VUAFAIYJ,UIFPPCLR,90892
OKMBFVKS,RAWUKQMJ,4094959
ZXERAXWP,FTSVTTSR,215252
ANWUJOKX,XUOIQPFL,3003627
EVBVXETX,XIFHSOWQ,107790
LSOIUSXD,XIFHSOWQ,108234
VUAFAIYJ,JPBRUTWP,5383606
UXSPKBJR,UIFPPCLR,90892
QSDCUCLB,DUCMGGNW,728079
HXYSSRXE,XUOIQPFL,3000975
RCBZUSIM,ANWUJOKX,37620
QKXNTIIB,LTOYKIML,406167
LLHREMKS,ZXERAXWP,47439
HCDTGMST,KEUWZRKO,345120
OXKURKXR,LSOIUSXD,232823
RJGPVEXX,APQGTRMF,53099
KJNSOAHR,XIPPENFQ,110757
HCDTGMST,OJIFIHMZ,2614856
UIFPPCLR,ELQGMQWE,540609
VMAQSTJE,DEWLVASR,357265
XUOIQPFL,RJGPVEXX,550344
ZKENOUDA,FQCLOEXA,1756174
JBVHSUWY,NAQIHUKZ,37620
NZKBIBNU,VUAFAIYJ,821889
IGDVVKUD,DUCMGGNW,725871
DDEXPPXU,DEWLVASR,357265
JSLXRQOK,CCLHWFWF,14126055
UQYUIVVR,FCYBOAXC,115762384
WPQXWHYO,EVBVXETX,5358094
SAHWCZNH,DNMPSKTB,5197923
QRKRBYJL,JPBRUTWP,5380288
HXYSSRXE,WPQXWHYO,11036372
SAHWCZNH,VBYCLTYZ,385710
DJBLNPNC,CCLHWFWF,14099289
OJIFIHMZ,NAQIHUKZ,37177
DBWLZWNK,JBVHSUWY,329671
QVLMOEYE,OXKURKXR,129553
XIIEJNEE,FWUCPMMW,28456
XIIEJNEE,SAAYMURU,46482
OXKURKXR,JBVHSUWY,330115
UQYUIVVR,WHPUAOID,41550
RAWUKQMJ,ZGJXVMNI,3076623
BJALXPFS,BSRMSVTC,340546
BLANHGYY,SUOYXCHP,36109
WBLJNPZQ,LTOYKIML,406167
LRVGFDFM,XIIEJNEE,109440
DUCMGGNW,HXYSSRXE,4808798
STZDBITS,ZXERAXWP,47439
PYZMVUWD,SAHWCZNH,1957309
BUZIIBYG,BJALXPFS,144708
AHMDUILJ,WPQXWHYO,11045681
BSRMSVTC,VMAQSTJE,77934
RAWUKQMJ,DEWLVASR,356821
BTMOEMEP,SUOYXCHP,35665
WHPUAOID,KEUWZRKO,345120
DJBLNPNC,BLANHGYY,46654
SAAYMURU,FDXPMYGF,36109
LSOIUSXD,LRVGFDFM,1633670
HCDTGMST,SAHWCZNH,1955101
JBVHSUWY,ZXERAXWP,47883
BEZYMBBT,UXSPKBJR,420445
SAAYMURU,WHPUAOID,41994
QRKRBYJL,ATLDMDBO,36129400
RCBZUSIM,STZDBITS,20434932
JBVHSUWY,WHPUAOID,41550
JSLXRQOK,TGOELCAG,244449
BUZIIBYG,UXSPKBJR,420445
KEUWZRKO,QSDCUCLB,35665
OKMBFVKS,PYZMVUWD,28012
FITUEHWN,FDXPMYGF,36109
ELQGMQWE,GYHKIVQT,15509803
BJALXPFS,SUOYXCHP,36109
OJIFIHMZ,BEZYMBBT,4008273
TGOELCAG,JPBRUTWP,5383606
QRKRBYJL,SUOYXCHP,35665
IGDVVKUD,BTMOEMEP,13435440
VMAQSTJE,XUOIQPFL,3001419
FITUEHWN,KJNSOAHR,12984264
DNMPSKTB,KJNSOAHR,13258934
ATLDMDBO,QRKRBYJL,2809706
OKMBFVKS,UXSPKBJR,420445
GYHKIVQT,APQGTRMF,53099
JBVHSUWY,VMAQSTJE,77934
FCYBOAXC,QKXNTIIB,2331576
VBYCLTYZ,DBWLZWNK,195868
JBVHSUWY,GYHKIVQT,15519112
RAWUKQMJ,GYHKIVQT,15509803
ELQGMQWE,UIFPPCLR,90892
FTSVTTSR,SNHYOVBM,391376
FWUCPMMW,FITUEHWN,104392
FQCLOEXA,FWUCPMMW,28012
XIFHSOWQ,NZKBIBNU,238295
QVLMOEYE,UGEQLMXM,232588
SDWAYPIK,UQYUIVVR,5392166
XIIEJNEE,LRVGFDFM,1694582
QSDCUCLB,RCBZUSIM,39615
FITUEHWN,MBSBZBXA,5595188
NAQIHUKZ,MBSBZBXA,5609969
APQGTRMF,BJALXPFS,145152
ZGJXVMNI,LPHPPJUG,1247442
QRKRBYJL,WBLJNPZQ,183618
LRVGFDFM,BJALXPFS,144708
HXYSSRXE,NZKBIBNU,237851
QSDCUCLB,XIIEJNEE,112092
CCLHWFWF,ZXERAXWP,47439
RJGPVEXX,OGAFEHLU,37177
FQCLOEXA,SAAYMURU,46038
SAHWCZNH,ZXERAXWP,47439
BUZIIBYG,EVBVXETX,5358094
JSLXRQOK,VUAFAIYJ,822333
OKMBFVKS,UIFPPCLR,90892
LRVGFDFM,OXKURKXR,129553
ANWUJOKX,WBLJNPZQ,186270
LTOYKIML,APQGTRMF,53099
DBWLZWNK,SDWAYPIK,5150734
ANWUJOKX,BSRMSVTC,343198
SDWAYPIK,WBLJNPZQ,183618
RAWUKQMJ,LPHPPJUG,1247442
ROACSLMG,XIIEJNEE,109440
DBWLZWNK,WQMVCOEM,125260
QVLMOEYE,FQCLOEXA,1756174
BLANHGYY,DNMPSKTB,5172026
ATLDMDBO,APQGTRMF,53099
ATLDMDBO,XIPPENFQ,110757
DBWLZWNK,ATLDMDBO,36129400
PYZMVUWD,UGEQLMXM,233032
QKXNTIIB,FTSVTTSR,214808
SAHWCZNH,FRHNWLNI,841839
NAQIHUKZ,XIIEJNEE,109884
JPBRUTWP,QRKRBYJL,2809706
XUOIQPFL,BEZYMBBT,3966304
UXSPKBJR,QVLMOEYE,1249197
ELQGMQWE,WBLJNPZQ,183618
KAGJCHMR,LLHREMKS,83984
OKMBFVKS,QVLMOEYE,1249197
QVLMOEYE,GYHKIVQT,15509803
JPBRUTWP,KJNSOAHR,13258934
XIIEJNEE,GYHKIVQT,15519112
LPHPPJUG,KJNSOAHR,12974955
ATLDMDBO,SDWAYPIK,5150734
GYHKIVQT,XUOIQPFL,3000975
BTMOEMEP,BEZYMBBT,3966304
QRKRBYJL,SDWAYPIK,5150734
GYHKIVQT,KEUWZRKO,344676
VWMBASNE,FCYBOAXC,115673912
HXYSSRXE,UGEQLMXM,232588
SNHYOVBM,FRHNWLNI,841839
WBLJNPZQ,OXKURKXR,129553
JSLXRQOK,KAGJCHMR,28456
KAGJCHMR,GKQIJYDH,6840600
QVLMOEYE,ATLDMDBO,36129400
IGDVVKUD,OXKURKXR,129997
XIPPENFQ,UGEQLMXM,233032
MBSBZBXA,UQYUIVVR,5392166
BTMOEMEP,BSRMSVTC,340546
FDXPMYGF,KEUWZRKO,345120
TGOELCAG,XIPPENFQ,110757
STZDBITS,FWUCPMMW,28012
LUENUFGA,AXULOHBQ,101740
PYZMVUWD,OGAFEHLU,37620
OJIFIHMZ,HCDTGMST,111033
LLHREMKS,KJNSOAHR,12987528
FRHNWLNI,UIFPPCLR,90892
DBWLZWNK,LPHPPJUG,1247442
ZKENOUDA,OKMBFVKS,1687170
QSDCUCLB,SNHYOVBM,393585
JPBRUTWP,FCYBOAXC,115807616
GYHKIVQT,UIFPPCLR,90892
UXSPKBJR,DNMPSKTB,5197923
XUOIQPFL,RCBZUSIM,36962
FITUEHWN,ANWUJOKX,37620
AXULOHBQ,SUOYXCHP,36109
BUZIIBYG,JSLXRQOK,28012
UXSPKBJR,UGEQLMXM,232588
DBWLZWNK,OXKURKXR,129553
WBLJNPZQ,AANGBULD,247799
ZKENOUDA,UGEQLMXM,232588
SDWAYPIK,JPBRUTWP,5380288
VWMBASNE,FITUEHWN,102184
FWUCPMMW,BLANHGYY,46654
ANWUJOKX,OXKURKXR,132206
LPHPPJUG,SAHWCZNH,1954657
HCDTGMST,MBSBZBXA,5770182
FTSVTTSR,FQCLOEXA,1756618
BUZIIBYG,KAGJCHMR,28012
UQYUIVVR,HCDTGMST,111033
ATLDMDBO,BEZYMBBT,3966304
XUOIQPFL,ATLDMDBO,36129400
ATLDMDBO,QVLMOEYE,1249197
SDWAYPIK,GYHKIVQT,15509803
EVBVXETX,QVLMOEYE,1249197
SDWAYPIK,UIFPPCLR,90892
SDWAYPIK,QRKRBYJL,2809706
GYHKIVQT,RAWUKQMJ,4094959
DEWLVASR,VWMBASNE,107466
QVLMOEYE,BEZYMBBT,3966304
UXSPKBJR,XUOIQPFL,3000975
DNMPSKTB,BSRMSVTC,340546
JPBRUTWP,FRHNWLNI,841839
ZGJXVMNI,BEZYMBBT,3966304
STZDBITS,XMKRPGLB,1160544
LLHREMKS,VBYCLTYZ,386154
ATLDMDBO,LPHPPJUG,1247442
AANGBULD,EVBVXETX,5361412
FDXPMYGF,JERHKLYW,38918
XIPPENFQ,LPHPPJUG,1247886
JERHKLYW,UQYUIVVR,7231942
JPBRUTWP,SDWAYPIK,5150734
ATLDMDBO,XUOIQPFL,3000975
SDWAYPIK,BEZYMBBT,3966304
SDWAYPIK,QVLMOEYE,1249197
QVLMOEYE,APQGTRMF,53099
ANWUJOKX,VBYCLTYZ,388362
DUCMGGNW,RAWUKQMJ,4094959
WBLJNPZQ,QVLMOEYE,1249197
SUOYXCHP,KEUWZRKO,347329
OXKURKXR,OKMBFVKS,1687614
OJIFIHMZ,UXSPKBJR,420445
DBWLZWNK,GYHKIVQT,15509803
FQCLOEXA,KEUWZRKO,344676
OGAFEHLU,DDEXPPXU,37406
WBLJNPZQ,MIRCVAMV,50231
VWMBASNE,ZXERAXWP,47883
QJQJSWFU,ANWUJOKX,37620
ELQGMQWE,SDWAYPIK,5150734
SDWAYPIK,KJNSOAHR,13258934
BSRMSVTC,OXKURKXR,129553
JPBRUTWP,ELQGMQWE,540165
QRKRBYJL,QJQJSWFU,185986
WBLJNPZQ,DNMPSKTB,5197923
WBLJNPZQ,GYHKIVQT,15509803
FQCLOEXA,SAHWCZNH,1954657
SAHWCZNH,HXYSSRXE,4808798
QRKRBYJL,WQMVCOEM,125260
ELQGMQWE,DEWLVASR,356821
HXYSSRXE,HCDTGMST,111033
CCLHWFWF,WHPUAOID,41550
FQCLOEXA,ZKENOUDA,344832
XIPPENFQ,KEUWZRKO,345120
XIIEJNEE,JPBRUTWP,5383606
UIFPPCLR,ZGJXVMNI,3077067
HXYSSRXE,XIPPENFQ,110757
MIRCVAMV,FITUEHWN,102184
JPBRUTWP,DUCMGGNW,725427
FWUCPMMW,FDXPMYGF,36109
QSDCUCLB,AHMDUILJ,144048
AXULOHBQ,DNMPSKTB,5165966
DEWLVASR,DUCMGGNW,725427
FCYBOAXC,BTMOEMEP,13423922
QKXNTIIB,TGOELCAG,244005
QRKRBYJL,DUCMGGNW,725427
APQGTRMF,SUOYXCHP,36109
DBWLZWNK,NZKBIBNU,237851
CCLHWFWF,FITUEHWN,101740
FRHNWLNI,ZCELVYQU,103758
AHMDUILJ,DUCMGGNW,725871
NZKBIBNU,XIFHSOWQ,107790
KAGJCHMR,JERHKLYW,38918
RCBZUSIM,APQGTRMF,53543
WBLJNPZQ,SNHYOVBM,390932
LPHPPJUG,EVBVXETX,5358094
DEWLVASR,JPBRUTWP,5380288
LLHREMKS,UGEQLMXM,232588
SDWAYPIK,QSDCUCLB,35665
UGEQLMXM,FCYBOAXC,116047440
OGAFEHLU,VUAFAIYJ,824541
QVLMOEYE,DUCMGGNW,725427
WPQXWHYO,VWMBASNE,107466
XMKRPGLB,LSOIUSXD,232380
JPBRUTWP,UXSPKBJR,420445
QRKRBYJL,RJGPVEXX,550344
ZGJXVMNI,QRKRBYJL,2809706
JSLXRQOK,XIIEJNEE,109884
VBYCLTYZ,ZXERAXWP,47883
XIIEJNEE,RAWUKQMJ,4095403
DJBLNPNC,MBSBZBXA,5749055
ELQGMQWE,BEZYMBBT,3966304
FWUCPMMW,QJQJSWFU,186429
APQGTRMF,AXULOHBQ,103948
KEUWZRKO,HCDTGMST,111033
FWUCPMMW,VMAQSTJE,78378
QKXNTIIB,BLANHGYY,44002
QJQJSWFU,VBYCLTYZ,386154
LTOYKIML,JPBRUTWP,5422256
RCBZUSIM,JPBRUTWP,5411582
XUOIQPFL,SNHYOVBM,390932
XIFHSOWQ,RJGPVEXX,550788
FQCLOEXA,NZKBIBNU,237851
JPBRUTWP,FQCLOEXA,1756174
ELQGMQWE,OXKURKXR,129553
DNMPSKTB,LPHPPJUG,1247442
JSLXRQOK,FTSVTTSR,215252
RJGPVEXX,UGEQLMXM,232588
FDXPMYGF,WPQXWHYO,11047890
DNMPSKTB,ANWUJOKX,37177
QRKRBYJL,GYHKIVQT,15509803
MBSBZBXA,AANGBULD,247356
NZKBIBNU,RCBZUSIM,36962
EVBVXETX,XIIEJNEE,109440
JSLXRQOK,KJNSOAHR,13024813
BUZIIBYG,SAHWCZNH,1954657
JERHKLYW,BEZYMBBT,3979138
EVBVXETX,DUCMGGNW,725427
KEUWZRKO,MIRCVAMV,49787
VUAFAIYJ,WHPUAOID,41550
QRKRBYJL,DJBLNPNC,28012
ZGJXVMNI,SDWAYPIK,5150734
FCYBOAXC,LSOIUSXD,232380
SDWAYPIK,BLANHGYY,44002
MIRCVAMV,KAGJCHMR,28456
AHMDUILJ,WQMVCOEM,125704
AHMDUILJ,WBLJNPZQ,184062
DNMPSKTB,FQCLOEXA,1756174
KAGJCHMR,AANGBULD,250008
HXYSSRXE,ZGJXVMNI,3076623
IGDVVKUD,UXSPKBJR,420889
FDXPMYGF,FITUEHWN,102184
BTMOEMEP,KJNSOAHR,13258934
UIFPPCLR,AXULOHBQ,101740
UQYUIVVR,VMAQSTJE,77934
ZXERAXWP,UIFPPCLR,91336
LPHPPJUG,BSRMSVTC,340546
PYZMVUWD,XIPPENFQ,111201
CCLHWFWF,QKXNTIIB,2289607
SAHWCZNH,AHMDUILJ,141396
FTSVTTSR,DBWLZWNK,196312
KEUWZRKO,ATLDMDBO,36146228
QJQJSWFU,QRKRBYJL,2810150
UGEQLMXM,LRVGFDFM,1660976
XIIEJNEE,SNHYOVBM,393585
DEWLVASR,JBVHSUWY,329671
LRVGFDFM,WBLJNPZQ,183618
DJBLNPNC,FRHNWLNI,844491
FWUCPMMW,RCBZUSIM,39615
QKXNTIIB,XIIEJNEE,109440
NZKBIBNU,BEZYMBBT,3978877
VWMBASNE,VUAFAIYJ,822333
DEWLVASR,OKMBFVKS,1687170
ATLDMDBO,FQCLOEXA,1756174
GKQIJYDH,BJALXPFS,144708
VWMBASNE,LSOIUSXD,232380
ZKENOUDA,OXKURKXR,129553
BLANHGYY,EVBVXETX,5376194
RAWUKQMJ,ELQGMQWE,540165
VMAQSTJE,JERHKLYW,38918
ROACSLMG,SAHWCZNH,1954657
JBVHSUWY,FTSVTTSR,215252
WBLJNPZQ,FQCLOEXA,1756174
JSLXRQOK,DJBLNPNC,28456
HCDTGMST,JPBRUTWP,5383606
LPHPPJUG,RAWUKQMJ,4094959
JBVHSUWY,OXKURKXR,129997
ZGJXVMNI,RAWUKQMJ,4094959
UQYUIVVR,SUOYXCHP,35665
LRVGFDFM,XMKRPGLB,1160544
QRKRBYJL,EVBVXETX,5387932
IGDVVKUD,EVBVXETX,5361412
WPQXWHYO,ZKENOUDA,344832
BSRMSVTC,TGOELCAG,244005
RCBZUSIM,QRKRBYJL,2810150
LPHPPJUG,DNMPSKTB,5197923
LPHPPJUG,BJALXPFS,144708
BJALXPFS,LTOYKIML,406611
QVLMOEYE,ELQGMQWE,540165
VWMBASNE,ZKENOUDA,344832
JSLXRQOK,FDXPMYGF,36109
NAQIHUKZ,FTSVTTSR,217461
FWUCPMMW,FTSVTTSR,215252
VMAQSTJE,EVBVXETX,5361412
DNMPSKTB,VMAQSTJE,77934
BSRMSVTC,AHMDUILJ,141396
QRKRBYJL,OXKURKXR,129553
JSLXRQOK,DEWLVASR,357265
QJQJSWFU,APQGTRMF,53543
ZGJXVMNI,ATLDMDBO,36146228
GKQIJYDH,LPHPPJUG,1247442
QRKRBYJL,BUZIIBYG,17763032
OKMBFVKS,BLANHGYY,44002
DJBLNPNC,TGOELCAG,244449
UQYUIVVR,ZCELVYQU,103758
SDWAYPIK,AHMDUILJ,141396
LSOIUSXD,AHMDUILJ,141840
DUCMGGNW,JSLXRQOK,28012
LLHREMKS,FWUCPMMW,28012
LSOIUSXD,RJGPVEXX,550788
QRKRBYJL,FQCLOEXA,1756174
AXULOHBQ,FDXPMYGF,36109
STZDBITS,DBWLZWNK,195868
ELQGMQWE,WPQXWHYO,11036372
ZKENOUDA,QRKRBYJL,2809706
OKMBFVKS,LLHREMKS,83540
JBVHSUWY,SAAYMURU,46038
ANWUJOKX,VMAQSTJE,80586
WPQXWHYO,ZXERAXWP,47439
AHMDUILJ,BTMOEMEP,13433231
NZKBIBNU,DEWLVASR,356821
VBYCLTYZ,ELQGMQWE,540165
FITUEHWN,AXULOHBQ,102184
AANGBULD,ZGJXVMNI,3077067
LSOIUSXD,JBVHSUWY,330115
EVBVXETX,LUENUFGA,3978267
FTSVTTSR,SUOYXCHP,35665
QKXNTIIB,AHMDUILJ,141396
DNMPSKTB,EVBVXETX,5358094
APQGTRMF,QRKRBYJL,2810150
DNMPSKTB,UQYUIVVR,5392166
WQMVCOEM,ZGJXVMNI,3076623
ZGJXVMNI,FQCLOEXA,1756174
APQGTRMF,LPHPPJUG,1249651
BSRMSVTC,FITUEHWN,101740
XIFHSOWQ,FRHNWLNI,842283
DJBLNPNC,HXYSSRXE,4843922
JPBRUTWP,ZGJXVMNI,3076623
UIFPPCLR,DBWLZWNK,196312
FRHNWLNI,XIPPENFQ,110757
GYHKIVQT,VMAQSTJE,77934
ZGJXVMNI,XIIEJNEE,109440
FDXPMYGF,SUOYXCHP,36109
RCBZUSIM,FRHNWLNI,842283
XIFHSOWQ,ATLDMDBO,36162920
ZGJXVMNI,NZKBIBNU,237851
AHMDUILJ,JERHKLYW,38918
OJIFIHMZ,AHMDUILJ,141396
OGAFEHLU,ZGJXVMNI,3079276
BUZIIBYG,WBLJNPZQ,183618
OXKURKXR,QVLMOEYE,1249641
ZKENOUDA,VBYCLTYZ,385710
APQGTRMF,MBSBZBXA,5595188
MIRCVAMV,RJGPVEXX,550788
GYHKIVQT,JBVHSUWY,329671
ZKENOUDA,APQGTRMF,53099
UGEQLMXM,UIFPPCLR,91336
STZDBITS,PYZMVUWD,28012
PYZMVUWD,JBVHSUWY,332324
VBYCLTYZ,BUZIIBYG,16598364
DEWLVASR,ZGJXVMNI,3076623
RJGPVEXX,QRKRBYJL,2809706
IGDVVKUD,XUOIQPFL,3003627
IGDVVKUD,BSRMSVTC,340990
LRVGFDFM,ZGJXVMNI,3076623
QSDCUCLB,BUZIIBYG,16438682
OXKURKXR,RAWUKQMJ,4095403
ZGJXVMNI,RJGPVEXX,550344
QJQJSWFU,BUZIIBYG,16458054
JERHKLYW,AHMDUILJ,141840
RCBZUSIM,KEUWZRKO,345120
LRVGFDFM,BEZYMBBT,3966304
VWMBASNE,WPQXWHYO,11045681
OXKURKXR,BJALXPFS,145152
QSDCUCLB,DDEXPPXU,39615
KAGJCHMR,ZXERAXWP,47883
EVBVXETX,MIRCVAMV,49787
RAWUKQMJ,ZKENOUDA,344832
RCBZUSIM,WBLJNPZQ,184062
ZKENOUDA,UIFPPCLR,90892
QJQJSWFU,KJNSOAHR,13268243
ZGJXVMNI,KEUWZRKO,344676
ZCELVYQU,OKMBFVKS,1687170
BLANHGYY,LRVGFDFM,1908808
WPQXWHYO,XIPPENFQ,110757
FTSVTTSR,BEZYMBBT,3966304
IGDVVKUD,QRKRBYJL,2810150
DNMPSKTB,LSOIUSXD,232380
JPBRUTWP,LSOIUSXD,232380
ROACSLMG,QSDCUCLB,35665
XIPPENFQ,LTOYKIML,406611
VMAQSTJE,JPBRUTWP,5396179
SDWAYPIK,BSRMSVTC,340546
ELQGMQWE,DBWLZWNK,195868
FQCLOEXA,UXSPKBJR,420445
DBWLZWNK,NAQIHUKZ,37177
OXKURKXR,FTSVTTSR,215252
DDEXPPXU,ZKENOUDA,345276
WBLJNPZQ,DEWLVASR,356821
WBLJNPZQ,RCBZUSIM,37406
ZGJXVMNI,XUOIQPFL,3000975
MBSBZBXA,QVLMOEYE,1249197
ZGJXVMNI,HXYSSRXE,4808798
ZGJXVMNI,JPBRUTWP,5380288
FRHNWLNI,ZGJXVMNI,3076623
ATLDMDBO,WBLJNPZQ,183618
AHMDUILJ,ROACSLMG,2358393
WQMVCOEM,AXULOHBQ,102184
ATLDMDBO,UGEQLMXM,232588
RAWUKQMJ,ZXERAXWP,47439
KEUWZRKO,EVBVXETX,5358094
UIFPPCLR,ATLDMDBO,36178936
UQYUIVVR,XIIEJNEE,109440
UIFPPCLR,ZKENOUDA,345276
DJBLNPNC,VMAQSTJE,78378
SDWAYPIK,ZGJXVMNI,3076623
LPHPPJUG,WBLJNPZQ,183618
BLANHGYY,JBVHSUWY,330115
GKQIJYDH,FDXPMYGF,35665
DNMPSKTB,UIFPPCLR,90892
NZKBIBNU,AANGBULD,247356
QKXNTIIB,QJQJSWFU,185986
AANGBULD,UQYUIVVR,6453936
AANGBULD,RJGPVEXX,550788
AXULOHBQ,SAHWCZNH,1955101
WHPUAOID,WQMVCOEM,125704
PYZMVUWD,DDEXPPXU,39615
DBWLZWNK,BEZYMBBT,3966304
VMAQSTJE,XMKRPGLB,1160988
STZDBITS,SNHYOVBM,390932
DEWLVASR,FITUEHWN,101740
BJALXPFS,HXYSSRXE,4818108
APQGTRMF,JERHKLYW,38918
OGAFEHLU,BUZIIBYG,16438682
WHPUAOID,XMKRPGLB,1193572
SDWAYPIK,APQGTRMF,53099
ATLDMDBO,ELQGMQWE,540165
FTSVTTSR,STZDBITS,20005514
UGEQLMXM,FQCLOEXA,1756618
ANWUJOKX,DUCMGGNW,728079
QJQJSWFU,ZKENOUDA,345276
VBYCLTYZ,FQCLOEXA,1756174
QRKRBYJL,DBWLZWNK,195868
LRVGFDFM,APQGTRMF,53099
FQCLOEXA,TGOELCAG,244005
JPBRUTWP,UIFPPCLR,90892
XIFHSOWQ,AXULOHBQ,102184
UIFPPCLR,DNMPSKTB,5165966
DNMPSKTB,ZGJXVMNI,3076623
BTMOEMEP,ZGJXVMNI,3076623
LUENUFGA,HXYSSRXE,4808798
QRKRBYJL,ZGJXVMNI,3076623
XUOIQPFL,ZGJXVMNI,3076623
DNMPSKTB,JBVHSUWY,329671
ZKENOUDA,BEZYMBBT,3966304
QSDCUCLB,DNMPSKTB,5184600
GYHKIVQT,ZCELVYQU,103758
XUOIQPFL,UIFPPCLR,90892
WPQXWHYO,DEWLVASR,356821
ZGJXVMNI,OGAFEHLU,37177
ZGJXVMNI,LSOIUSXD,232380
GYHKIVQT,KJNSOAHR,13258934
ELQGMQWE,DDEXPPXU,36962
BJALXPFS,SAAYMURU,46482
GYHKIVQT,XIFHSOWQ,107790
BLANHGYY,SDWAYPIK,5149186
SNHYOVBM,UXSPKBJR,420445
BSRMSVTC,DNMPSKTB,5197923
XIPPENFQ,RAWUKQMJ,4095403
LRVGFDFM,VUAFAIYJ,821889
CCLHWFWF,VUAFAIYJ,821889
JERHKLYW,DBWLZWNK,196312
CCLHWFWF,ZCELVYQU,103758
ZKENOUDA,JBVHSUWY,329671
YSYHGLQK,ZXERAXWP,47883
WPQXWHYO,QJQJSWFU,185986
VUAFAIYJ,GYHKIVQT,15509803
KJNSOAHR,FQCLOEXA,1756174
FCYBOAXC,QSDCUCLB,35665
QSDCUCLB,UGEQLMXM,235240
HCDTGMST,RCBZUSIM,37406
JSLXRQOK,QJQJSWFU,186429
UIFPPCLR,DEWLVASR,357265
AHMDUILJ,RJGPVEXX,550788
ZKENOUDA,KJNSOAHR,12974955
ZKENOUDA,WPQXWHYO,11036372
MIRCVAMV,WBLJNPZQ,184062
STZDBITS,AHMDUILJ,141396
OXKURKXR,BTMOEMEP,13433231
ZGJXVMNI,QJQJSWFU,185986
XMKRPGLB,FITUEHWN,101740
DBWLZWNK,XUOIQPFL,3000975
CCLHWFWF,XIPPENFQ,110757
ZGJXVMNI,MBSBZBXA,5598450
AANGBULD,OXKURKXR,129997
LPHPPJUG,DEWLVASR,356821
WQMVCOEM,KEUWZRKO,344676
QVLMOEYE,FCYBOAXC,115536280
ZCELVYQU,GKQIJYDH,6838642
SUOYXCHP,XIFHSOWQ,108234
LSOIUSXD,XIPPENFQ,111201
OXKURKXR,NAQIHUKZ,37620
AHMDUILJ,DBWLZWNK,196312
LSOIUSXD,LPHPPJUG,1247886
WHPUAOID,LSOIUSXD,232823
FDXPMYGF,STZDBITS,20171370
LTOYKIML,ZCELVYQU,103758
JBVHSUWY,ZKENOUDA,344832
ZGJXVMNI,UGEQLMXM,232588
QSDCUCLB,FQCLOEXA,1758826
ZGJXVMNI,DNMPSKTB,5197923
SAHWCZNH,QRKRBYJL,2809706
LPHPPJUG,FDXPMYGF,35665
XIFHSOWQ,BJALXPFS,145152
VMAQSTJE,SNHYOVBM,391376
QSDCUCLB,OXKURKXR,132206
QVLMOEYE,DEWLVASR,356821
WPQXWHYO,GYHKIVQT,15509803
ZGJXVMNI,WBLJNPZQ,183618
KJNSOAHR,FITUEHWN,101740
QJQJSWFU,KAGJCHMR,28456
FTSVTTSR,KAGJCHMR,28456
SAAYMURU,STZDBITS,20207662
KJNSOAHR,QSDCUCLB,35665
QVLMOEYE,ZKENOUDA,344832
QKXNTIIB,UQYUIVVR,6048818
KEUWZRKO,HXYSSRXE,4808798
FQCLOEXA,VMAQSTJE,77934
ZXERAXWP,DBWLZWNK,196312
VUAFAIYJ,XIPPENFQ,110757
GYHKIVQT,NZKBIBNU,237851
QRKRBYJL,UIFPPCLR,90892
JPBRUTWP,DEWLVASR,356821
XMKRPGLB,DUCMGGNW,725427
UQYUIVVR,AHMDUILJ,141396
XIIEJNEE,APQGTRMF,55751
DDEXPPXU,OJIFIHMZ,2614856
AHMDUILJ,XUOIQPFL,3001419
QRKRBYJL,APQGTRMF,53099
SDWAYPIK,FRHNWLNI,841839
RAWUKQMJ,NZKBIBNU,237851
GKQIJYDH,XMKRPGLB,1160544
ZGJXVMNI,JBVHSUWY,329671
FWUCPMMW,XIIEJNEE,109884
FITUEHWN,WBLJNPZQ,184062
SUOYXCHP,QJQJSWFU,186429
SNHYOVBM,QKXNTIIB,2333784
AXULOHBQ,WBLJNPZQ,184062
UIFPPCLR,RCBZUSIM,37406
VWMBASNE,EVBVXETX,5361412
GKQIJYDH,DDEXPPXU,36962
ZGJXVMNI,VWMBASNE,107466
DBWLZWNK,KJNSOAHR,13258934
DNMPSKTB,APQGTRMF,53099
ZCELVYQU,UQYUIVVR,8159286
ZXERAXWP,BEZYMBBT,3953178
FQCLOEXA,DJBLNPNC,28012
FDXPMYGF,UIFPPCLR,91336
RJGPVEXX,JBVHSUWY,329671
UXSPKBJR,OJIFIHMZ,2614412
SDWAYPIK,JERHKLYW,38474
KAGJCHMR,ELQGMQWE,542817
OXKURKXR,OJIFIHMZ,2614856
AHMDUILJ,DJBLNPNC,28456
SDWAYPIK,ZXERAXWP,47439
JPBRUTWP,ZXERAXWP,47439
FQCLOEXA,RJGPVEXX,550344
ROACSLMG,TGOELCAG,244005
UIFPPCLR,JERHKLYW,38918
QKXNTIIB,CCLHWFWF,14927958
LTOYKIML,GKQIJYDH,6851216
DDEXPPXU,ANWUJOKX,37620
SAHWCZNH,RAWUKQMJ,4094959
FCYBOAXC,VBYCLTYZ,385710
HCDTGMST,BEZYMBBT,3991711
BTMOEMEP,ZKENOUDA,344832
BJALXPFS,ZGJXVMNI,3077067
ZKENOUDA,JPBRUTWP,5380288
UGEQLMXM,ZGJXVMNI,3077067
APQGTRMF,FRHNWLNI,844491
SDWAYPIK,ZKENOUDA,344832
OXKURKXR,DEWLVASR,357265
FQCLOEXA,QJQJSWFU,185986
SUOYXCHP,STZDBITS,20179686
KAGJCHMR,ZKENOUDA,347484
ATLDMDBO,RCBZUSIM,36962
XIIEJNEE,OXKURKXR,132206
DBWLZWNK,LRVGFDFM,1909650
BTMOEMEP,RJGPVEXX,550344
XIIEJNEE,WHPUAOID,44202
LRVGFDFM,FDXPMYGF,35665
IGDVVKUD,GYHKIVQT,15608063
YSYHGLQK,ZGJXVMNI,3079276
UXSPKBJR,XIFHSOWQ,107790
DEWLVASR,QVLMOEYE,1249197
DEWLVASR,QRKRBYJL,2809706
LLHREMKS,VUAFAIYJ,821889
YSYHGLQK,DDEXPPXU,37406
ATLDMDBO,ZKENOUDA,344832
ZKENOUDA,SDWAYPIK,5150734
FCYBOAXC,AHMDUILJ,141396
CCLHWFWF,NZKBIBNU,237851
LSOIUSXD,ROACSLMG,2358393
SNHYOVBM,ZXERAXWP,47439
QVLMOEYE,UIFPPCLR,90892
FQCLOEXA,YSYHGLQK,28012
BUZIIBYG,KEUWZRKO,344676
SUOYXCHP,WPQXWHYO,11084941
HCDTGMST,QSDCUCLB,36109
EVBVXETX,ZCELVYQU,103758
RCBZUSIM,OXKURKXR,129997
VBYCLTYZ,UIFPPCLR,90892
STZDBITS,XIIEJNEE,109440
ZXERAXWP,ZKENOUDA,345276
XIPPENFQ,ZKENOUDA,345276
PYZMVUWD,QSDCUCLB,36109
OXKURKXR,LLHREMKS,83984
QKXNTIIB,JERHKLYW,38474
DDEXPPXU,OKMBFVKS,1687614
KAGJCHMR,FWUCPMMW,28456
ROACSLMG,PYZMVUWD,28012
KAGJCHMR,OXKURKXR,129997
JERHKLYW,QKXNTIIB,2714568
HXYSSRXE,ZKENOUDA,344832
QVLMOEYE,WQMVCOEM,125260
HCDTGMST,STZDBITS,20099160
FTSVTTSR,UGEQLMXM,232588
FDXPMYGF,WQMVCOEM,125704
JBVHSUWY,HCDTGMST,111033
LSOIUSXD,ZXERAXWP,47883
ELQGMQWE,XUOIQPFL,3000975
KJNSOAHR,WHPUAOID,41550
ZXERAXWP,WHPUAOID,41994
ZGJXVMNI,OKMBFVKS,1687170
ZGJXVMNI,QVLMOEYE,1249197
KEUWZRKO,RAWUKQMJ,4094959
ZGJXVMNI,BTMOEMEP,13502191
GYHKIVQT,ZKENOUDA,344832
MBSBZBXA,QRKRBYJL,2809706
AHMDUILJ,BSRMSVTC,340990
AANGBULD,APQGTRMF,53543
DBWLZWNK,DEWLVASR,356821
WQMVCOEM,DUCMGGNW,725871
QRKRBYJL,UGEQLMXM,232588
AANGBULD,WPQXWHYO,11073657
VMAQSTJE,RJGPVEXX,550788
APQGTRMF,WQMVCOEM,125704
STZDBITS,LTOYKIML,406167
DNMPSKTB,ELQGMQWE,540165
SUOYXCHP,MBSBZBXA,5730172
VBYCLTYZ,LUENUFGA,3978267
XUOIQPFL,BLANHGYY,44002
QKXNTIIB,APQGTRMF,53099
ZXERAXWP,XUOIQPFL,3001419
AHMDUILJ,IGDVVKUD,28456
UQYUIVVR,TGOELCAG,244005
ZKENOUDA,XUOIQPFL,3000975
SAHWCZNH,ATLDMDBO,36146228
UGEQLMXM,JERHKLYW,38918
BEZYMBBT,APQGTRMF,53099
KAGJCHMR,UGEQLMXM,233032
DBWLZWNK,ZGJXVMNI,3076623
ROACSLMG,VMAQSTJE,77934
APQGTRMF,ELQGMQWE,540609
DBWLZWNK,XMKRPGLB,1160544
FRHNWLNI,QJQJSWFU,185986
AANGBULD,SAAYMURU,46482
LSOIUSXD,APQGTRMF,53543
BLANHGYY,FITUEHWN,104392
GYHKIVQT,FCYBOAXC,115464416
UXSPKBJR,VMAQSTJE,77934
RAWUKQMJ,CCLHWFWF,14121612
ATLDMDBO,SAHWCZNH,1966358
JPBRUTWP,LPHPPJUG,1247442
ATLDMDBO,UIFPPCLR,90892
QVLMOEYE,LPHPPJUG,1247442
DDEXPPXU,JERHKLYW,38918
DJBLNPNC,UQYUIVVR,6743250
LTOYKIML,QKXNTIIB,2331576
EVBVXETX,XIPPENFQ,110757
LPHPPJUG,VMAQSTJE,77934
MBSBZBXA,QJQJSWFU,185986
WHPUAOID,WBLJNPZQ,184062
XUOIQPFL,DUCMGGNW,725427
SUOYXCHP,QSDCUCLB,36109
VMAQSTJE,SAHWCZNH,1955101
SNHYOVBM,HCDTGMST,111033
VBYCLTYZ,OXKURKXR,129997
VBYCLTYZ,ZGJXVMNI,3076623
SNHYOVBM,UGEQLMXM,232588
ZGJXVMNI,OXKURKXR,129553
QRKRBYJL,KJNSOAHR,13258934
LSOIUSXD,FCYBOAXC,115652304
CCLHWFWF,HCDTGMST,111033
GYHKIVQT,WPQXWHYO,11036372
LSOIUSXD,ZKENOUDA,345276
YSYHGLQK,OXKURKXR,129997
PYZMVUWD,VUAFAIYJ,824541
BUZIIBYG,WHPUAOID,41550
BSRMSVTC,JERHKLYW,38474
ZGJXVMNI,AANGBULD,247356
XIPPENFQ,JPBRUTWP,5383606
UGEQLMXM,EVBVXETX,5361412
MIRCVAMV,JSLXRQOK,28456
VUAFAIYJ,OGAFEHLU,37177
SAHWCZNH,BLANHGYY,44002
ZGJXVMNI,DUCMGGNW,725427
TGOELCAG,LLHREMKS,83540
OXKURKXR,XIIEJNEE,109884
OXKURKXR,IGDVVKUD,28456
SAHWCZNH,LTOYKIML,406167
SUOYXCHP,HCDTGMST,111477
LPHPPJUG,GYHKIVQT,15509803
OKMBFVKS,FCYBOAXC,115894160
ROACSLMG,DUCMGGNW,725427
FQCLOEXA,KAGJCHMR,28012
DJBLNPNC,ANWUJOKX,37620
EVBVXETX,APQGTRMF,53099
UIFPPCLR,VMAQSTJE,78378
WBLJNPZQ,APQGTRMF,53099
SAAYMURU,BJALXPFS,145152
BEZYMBBT,UIFPPCLR,90892
BEZYMBBT,ZGJXVMNI,3076623
QJQJSWFU,FRHNWLNI,842283
NAQIHUKZ,STZDBITS,20410156
DEWLVASR,LUENUFGA,3978267
SUOYXCHP,SAAYMURU,48690
AANGBULD,LSOIUSXD,235032
ATLDMDBO,ZGJXVMNI,3076623
DNMPSKTB,WPQXWHYO,11036372
TGOELCAG,BUZIIBYG,16464894
GKQIJYDH,MBSBZBXA,5585878
OXKURKXR,HXYSSRXE,4818108
FWUCPMMW,UQYUIVVR,6428550
KAGJCHMR,YSYHGLQK,28456
RCBZUSIM,VBYCLTYZ,386154
AANGBULD,LTOYKIML,406611
UQYUIVVR,XIFHSOWQ,107790
UGEQLMXM,VMAQSTJE,78378
JPBRUTWP,SUOYXCHP,35665
WPQXWHYO,OKMBFVKS,1687170
MIRCVAMV,LSOIUSXD,235032
FTSVTTSR,YSYHGLQK,28456
XIFHSOWQ,LPHPPJUG,1247886
ZGJXVMNI,GYHKIVQT,15509803
QVLMOEYE,ZGJXVMNI,3076623
FCYBOAXC,FRHNWLNI,841839
JSLXRQOK,ZCELVYQU,104202
YSYHGLQK,FRHNWLNI,844491
OKMBFVKS,UQYUIVVR,5392166
LSOIUSXD,GYHKIVQT,15519112
ELQGMQWE,STZDBITS,20005514
RAWUKQMJ,STZDBITS,20005514
JBVHSUWY,QSDCUCLB,35665
ZGJXVMNI,PYZMVUWD,28012
XIFHSOWQ,BEZYMBBT,3953178
OKMBFVKS,ZKENOUDA,344832
UQYUIVVR,SDWAYPIK,5150734
SAHWCZNH,XMKRPGLB,1131148
IGDVVKUD,RCBZUSIM,37406
WHPUAOID,PYZMVUWD,28456
JSLXRQOK,SUOYXCHP,36109
JERHKLYW,RAWUKQMJ,4097611
SAAYMURU,OKMBFVKS,1687614
HXYSSRXE,AXULOHBQ,101740
YSYHGLQK,HCDTGMST,111477
SAAYMURU,HCDTGMST,111477
RCBZUSIM,BTMOEMEP,13461207
PYZMVUWD,MBSBZBXA,5770182
FQCLOEXA,XIFHSOWQ,107790
SAHWCZNH,JBVHSUWY,329671
LLHREMKS,BUZIIBYG,18081612
BEZYMBBT,FITUEHWN,101740
UXSPKBJR,QSDCUCLB,35665
DUCMGGNW,UXSPKBJR,420445
SDWAYPIK,AANGBULD,247356
OKMBFVKS,WPQXWHYO,11036372
RCBZUSIM,SDWAYPIK,5156261
XMKRPGLB,SNHYOVBM,390932
DNMPSKTB,UGEQLMXM,232588
IGDVVKUD,UGEQLMXM,233032
LSOIUSXD,BJALXPFS,145152
ZGJXVMNI,VBYCLTYZ,385710
ELQGMQWE,SUOYXCHP,35665
ZKENOUDA,ELQGMQWE,540165
RCBZUSIM,RAWUKQMJ,4097611
BEZYMBBT,DEWLVASR,356821
JBVHSUWY,FITUEHWN,101740
MBSBZBXA,ATLDMDBO,36146228
VMAQSTJE,FITUEHWN,102184
WPQXWHYO,MIRCVAMV,49787
RCBZUSIM,YSYHGLQK,28456
FTSVTTSR,OKMBFVKS,1687170
HXYSSRXE,UQYUIVVR,5392166
GYHKIVQT,ZXERAXWP,47439
EVBVXETX,ZGJXVMNI,3076623
BTMOEMEP,FWUCPMMW,28012
AXULOHBQ,LPHPPJUG,1247886
VBYCLTYZ,JERHKLYW,38918
DEWLVASR,GYHKIVQT,15509803
BUZIIBYG,KJNSOAHR,12987528
IGDVVKUD,JPBRUTWP,5385814
RCBZUSIM,VMAQSTJE,78378
AHMDUILJ,SAAYMURU,46482
OKMBFVKS,ROACSLMG,2387345
VUAFAIYJ,QVLMOEYE,1249641
SAHWCZNH,UXSPKBJR,420445
FITUEHWN,BEZYMBBT,3953178
HXYSSRXE,DEWLVASR,356821
BTMOEMEP,DEWLVASR,356821
XUOIQPFL,DEWLVASR,356821
XUOIQPFL,ZKENOUDA,344832
ATLDMDBO,DEWLVASR,356821
VMAQSTJE,KJNSOAHR,13268243
SAHWCZNH,BTMOEMEP,13396617
HXYSSRXE,WQMVCOEM,125260
AANGBULD,DNMPSKTB,5172026
SDWAYPIK,DEWLVASR,356821
CCLHWFWF,AHMDUILJ,141396
WPQXWHYO,AHMDUILJ,141396
QSDCUCLB,FCYBOAXC,117230256
QRKRBYJL,AANGBULD,247356
FWUCPMMW,DUCMGGNW,725871
ELQGMQWE,DNMPSKTB,5197923
UQYUIVVR,KEUWZRKO,344676
AANGBULD,DEWLVASR,357265
HXYSSRXE,WBLJNPZQ,183618
IGDVVKUD,SAAYMURU,46482
QSDCUCLB,APQGTRMF,55751
SNHYOVBM,OXKURKXR,129553
QRKRBYJL,DEWLVASR,356821
ELQGMQWE,SAHWCZNH,1954657
SDWAYPIK,BJALXPFS,144708
QJQJSWFU,LTOYKIML,406167
GYHKIVQT,ELQGMQWE,540165
XIFHSOWQ,KJNSOAHR,13263377
AHMDUILJ,ANWUJOKX,37620
FDXPMYGF,SAHWCZNH,1957309
MBSBZBXA,JSLXRQOK,28012
DJBLNPNC,ROACSLMG,2389997
LUENUFGA,AHMDUILJ,141396
ZKENOUDA,DNMPSKTB,5197923
ZKENOUDA,RAWUKQMJ,4094959
ZKENOUDA,QVLMOEYE,1249197
ZKENOUDA,GYHKIVQT,15509803
ZCELVYQU,VBYCLTYZ,385710
BSRMSVTC,MBSBZBXA,5760872
WQMVCOEM,ATLDMDBO,36162920
XIFHSOWQ,UXSPKBJR,420889
APQGTRMF,ZKENOUDA,347040
SUOYXCHP,VMAQSTJE,78378
MBSBZBXA,LUENUFGA,3990840
SAHWCZNH,BJALXPFS,144708
FDXPMYGF,EVBVXETX,5376194
KAGJCHMR,ZGJXVMNI,3079276
BEZYMBBT,RJGPVEXX,550344
SDWAYPIK,FITUEHWN,101740
XIIEJNEE,OGAFEHLU,37620
YSYHGLQK,LTOYKIML,406611
SAAYMURU,UQYUIVVR,7801636
AXULOHBQ,SDWAYPIK,5154052
JSLXRQOK,UIFPPCLR,91336
GKQIJYDH,ZCELVYQU,103758
AANGBULD,GYHKIVQT,15504937
UQYUIVVR,JBVHSUWY,329671
LLHREMKS,STZDBITS,20207662
DJBLNPNC,KEUWZRKO,345120
MBSBZBXA,ROACSLMG,2387345
BLANHGYY,CCLHWFWF,14133130
VWMBASNE,AHMDUILJ,141840
XIPPENFQ,AXULOHBQ,102184
GKQIJYDH,LLHREMKS,83540
BEZYMBBT,LPHPPJUG,1247442
BSRMSVTC,SUOYXCHP,35665
GYHKIVQT,RJGPVEXX,550344
OKMBFVKS,AANGBULD,247356
MBSBZBXA,FTSVTTSR,214808
LSOIUSXD,FITUEHWN,102184
LSOIUSXD,TGOELCAG,244449
SDWAYPIK,ELQGMQWE,540165
BUZIIBYG,ATLDMDBO,35985788
XIIEJNEE,FITUEHWN,102184
SAAYMURU,XIIEJNEE,109884
BLANHGYY,JERHKLYW,38918
BEZYMBBT,QJQJSWFU,185986
JERHKLYW,LSOIUSXD,235032
RCBZUSIM,FQCLOEXA,1758826
GYHKIVQT,TGOELCAG,244005
ZXERAXWP,FWUCPMMW,28456
LPHPPJUG,QJQJSWFU,185986
ZCELVYQU,MIRCVAMV,49787
VWMBASNE,NZKBIBNU,238295
BUZIIBYG,LRVGFDFM,2011996
TGOELCAG,JBVHSUWY,329671
TGOELCAG,XIFHSOWQ,107790
BUZIIBYG,LUENUFGA,3978267
YSYHGLQK,DEWLVASR,359473
VUAFAIYJ,VBYCLTYZ,385710
LUENUFGA,ZCELVYQU,103758
FWUCPMMW,BJALXPFS,147361
DDEXPPXU,RCBZUSIM,37406
DJBLNPNC,QJQJSWFU,186429
BTMOEMEP,FQCLOEXA,1756174
OGAFEHLU,ZKENOUDA,345276
QSDCUCLB,WHPUAOID,44202
JBVHSUWY,ROACSLMG,2387789
ZGJXVMNI,AXULOHBQ,101740
WPQXWHYO,PYZMVUWD,28012
ZCELVYQU,XUOIQPFL,3042944
LSOIUSXD,BSRMSVTC,340990
LSOIUSXD,JERHKLYW,38918
VWMBASNE,WHPUAOID,41994
VUAFAIYJ,OXKURKXR,129553
NZKBIBNU,XIPPENFQ,110757
ZKENOUDA,ATLDMDBO,36146228
UQYUIVVR,WQMVCOEM,125260
HCDTGMST,VWMBASNE,107910
BEZYMBBT,STZDBITS,20005514
OXKURKXR,VBYCLTYZ,386154
WHPUAOID,FITUEHWN,102184
LLHREMKS,BJALXPFS,145152
SAHWCZNH,RCBZUSIM,36962
WQMVCOEM,XIPPENFQ,113409
PYZMVUWD,VWMBASNE,107910
LSOIUSXD,EVBVXETX,5361412
BJALXPFS,FDXPMYGF,36109
FCYBOAXC,FQCLOEXA,1756174
NZKBIBNU,ZKENOUDA,344832
BEZYMBBT,VBYCLTYZ,385710
NAQIHUKZ,OKMBFVKS,1689822
TGOELCAG,OXKURKXR,131762
VUAFAIYJ,DEWLVASR,357265
FTSVTTSR,QKXNTIIB,2331576
AANGBULD,BEZYMBBT,3979138
VUAFAIYJ,XUOIQPFL,3000975
LUENUFGA,NZKBIBNU,237851
ELQGMQWE,LRVGFDFM,1607418
FDXPMYGF,AHMDUILJ,141840
AXULOHBQ,UXSPKBJR,420889
FWUCPMMW,STZDBITS,20171370
LSOIUSXD,SUOYXCHP,36109
LTOYKIML,KEUWZRKO,344676
LLHREMKS,KAGJCHMR,28456
LLHREMKS,DEWLVASR,357265
QJQJSWFU,GKQIJYDH,7402482
FITUEHWN,ZCELVYQU,104202
XMKRPGLB,OKMBFVKS,1687170
GYHKIVQT,AANGBULD,247356
QRKRBYJL,ELQGMQWE,540165
UIFPPCLR,GKQIJYDH,6851216
PYZMVUWD,EVBVXETX,5370548
RAWUKQMJ,UXSPKBJR,420445
FQCLOEXA,ANWUJOKX,37177
SDWAYPIK,ROACSLMG,2357949
OJIFIHMZ,SAHWCZNH,1954657
OXKURKXR,XUOIQPFL,3001419
BLANHGYY,WQMVCOEM,125704
NZKBIBNU,ZCELVYQU,103758
DEWLVASR,XUOIQPFL,3000975
KAGJCHMR,KJNSOAHR,12996837
DDEXPPXU,QJQJSWFU,186429
ATLDMDBO,JBVHSUWY,329671
WHPUAOID,OJIFIHMZ,2614856
SUOYXCHP,RJGPVEXX,550788
OXKURKXR,FDXPMYGF,36109
OXKURKXR,DNMPSKTB,5165966
OXKURKXR,GYHKIVQT,15519112
JERHKLYW,KEUWZRKO,345120
LLHREMKS,WHPUAOID,41994
QSDCUCLB,OKMBFVKS,1689822
EVBVXETX,JSLXRQOK,28012
PYZMVUWD,OXKURKXR,132206
HXYSSRXE,ELQGMQWE,540165
FCYBOAXC,UQYUIVVR,5392166
APQGTRMF,ZGJXVMNI,3078832
MBSBZBXA,DUCMGGNW,725427
GYHKIVQT,UQYUIVVR,5734120
KEUWZRKO,SAAYMURU,46038
BUZIIBYG,SNHYOVBM,390932
ZGJXVMNI,XIFHSOWQ,107790
YSYHGLQK,RCBZUSIM,37406
ZXERAXWP,AANGBULD,247799
JSLXRQOK,YSYHGLQK,28456
BJALXPFS,ATLDMDBO,36146092
FDXPMYGF,DUCMGGNW,725871
ELQGMQWE,APQGTRMF,53099
VMAQSTJE,FCYBOAXC,116067976
ZXERAXWP,XIIEJNEE,109884
FQCLOEXA,AANGBULD,247356
XUOIQPFL,ELQGMQWE,540165
ROACSLMG,XMKRPGLB,1131148
RAWUKQMJ,JPBRUTWP,5380288
ATLDMDBO,EVBVXETX,5358094
FITUEHWN,STZDBITS,20207662
LPHPPJUG,QSDCUCLB,35665
JERHKLYW,LTOYKIML,406611
QKXNTIIB,STZDBITS,20022338
PYZMVUWD,SUOYXCHP,36109
JPBRUTWP,QSDCUCLB,35665
FITUEHWN,LUENUFGA,3981585
ATLDMDBO,LSOIUSXD,232380
QJQJSWFU,DUCMGGNW,725871
ZKENOUDA,LPHPPJUG,1247442
UXSPKBJR,DEWLVASR,356821
STZDBITS,FQCLOEXA,1756174
ZGJXVMNI,UIFPPCLR,90892
SNHYOVBM,DBWLZWNK,195868
SUOYXCHP,FQCLOEXA,1758826
XIPPENFQ,KJNSOAHR,13280816
ZXERAXWP,FRHNWLNI,842283
XMKRPGLB,STZDBITS,20285900
BEZYMBBT,XMKRPGLB,1160544
DNMPSKTB,AANGBULD,247356
UIFPPCLR,WBLJNPZQ,184062
XIFHSOWQ,DNMPSKTB,5165966
BEZYMBBT,WPQXWHYO,11048945
AANGBULD,OKMBFVKS,1687170
ZKENOUDA,LUENUFGA,3978267
SAAYMURU,FITUEHWN,102184
KAGJCHMR,SDWAYPIK,5156261
DEWLVASR,WBLJNPZQ,183618
VBYCLTYZ,ZKENOUDA,344832
VBYCLTYZ,DEWLVASR,356821
KEUWZRKO,UXSPKBJR,420445
LSOIUSXD,CCLHWFWF,14130921
DEWLVASR,DBWLZWNK,195868
ZXERAXWP,KJNSOAHR,13012240
IGDVVKUD,LPHPPJUG,1250095
DNMPSKTB,ZKENOUDA,344832
APQGTRMF,DEWLVASR,357265
NZKBIBNU,AHMDUILJ,141396
VBYCLTYZ,AANGBULD,247356
DJBLNPNC,BJALXPFS,145152
DNMPSKTB,DEWLVASR,356821
NZKBIBNU,SUOYXCHP,35665
SUOYXCHP,FITUEHWN,102184
JERHKLYW,DNMPSKTB,5194135
BEZYMBBT,ZKENOUDA,344832
FCYBOAXC,JERHKLYW,38474
HCDTGMST,DDEXPPXU,37406
XUOIQPFL,AANGBULD,247356
OGAFEHLU,DEWLVASR,359473
VUAFAIYJ,QKXNTIIB,2289607
RAWUKQMJ,ZCELVYQU,103758
AXULOHBQ,NZKBIBNU,238295
YSYHGLQK,GYHKIVQT,15608063
JPBRUTWP,ZKENOUDA,344832
DUCMGGNW,OGAFEHLU,37177
ZXERAXWP,WBLJNPZQ,184062
HCDTGMST,VBYCLTYZ,386154
BSRMSVTC,ZKENOUDA,344832
VWMBASNE,KJNSOAHR,13268243
BLANHGYY,RJGPVEXX,550788
GYHKIVQT,DEWLVASR,356821
QRKRBYJL,ZKENOUDA,344832
RCBZUSIM,HXYSSRXE,4818108
MIRCVAMV,OXKURKXR,132206
BEZYMBBT,ZCELVYQU,103758
AHMDUILJ,RCBZUSIM,37406
RJGPVEXX,FQCLOEXA,1756174
HXYSSRXE,RCBZUSIM,36962
IGDVVKUD,SNHYOVBM,391376
JPBRUTWP,WQMVCOEM,125260
QVLMOEYE,AANGBULD,247356
STZDBITS,BUZIIBYG,16598364
DNMPSKTB,MBSBZBXA,5598450
UGEQLMXM,SNHYOVBM,391376
GYHKIVQT,FITUEHWN,101740
ZXERAXWP,NAQIHUKZ,37620
XIPPENFQ,DNMPSKTB,5191926
BLANHGYY,XIFHSOWQ,108234
STZDBITS,JSLXRQOK,28012
LRVGFDFM,NZKBIBNU,237851
AHMDUILJ,YSYHGLQK,28456
ZKENOUDA,DBWLZWNK,195868
SNHYOVBM,ZCELVYQU,103758
ANWUJOKX,FQCLOEXA,1758826
NAQIHUKZ,YSYHGLQK,28456
OXKURKXR,LTOYKIML,406611
FDXPMYGF,JPBRUTWP,5427784
AHMDUILJ,XIFHSOWQ,108234
SUOYXCHP,FCYBOAXC,116820968
FDXPMYGF,FQCLOEXA,1756618
LSOIUSXD,LTOYKIML,406611
FITUEHWN,XUOIQPFL,3043388
DEWLVASR,UIFPPCLR,90892
QJQJSWFU,RCBZUSIM,37406
DJBLNPNC,APQGTRMF,55751
AHMDUILJ,KEUWZRKO,345120
JPBRUTWP,EVBVXETX,5358094
MBSBZBXA,PYZMVUWD,28012
FITUEHWN,XMKRPGLB,1160988
KAGJCHMR,LPHPPJUG,1247886
XIIEJNEE,BJALXPFS,145152
ANWUJOKX,GYHKIVQT,15742196
ZKENOUDA,VMAQSTJE,77934
DBWLZWNK,UIFPPCLR,90892
LLHREMKS,VMAQSTJE,78378
JPBRUTWP,VMAQSTJE,77934
HXYSSRXE,ZXERAXWP,47439
LUENUFGA,RCBZUSIM,36962
YSYHGLQK,XMKRPGLB,1160988
JPBRUTWP,AANGBULD,247356
ZCELVYQU,IGDVVKUD,28012
UQYUIVVR,KAGJCHMR,28012
HCDTGMST,LPHPPJUG,1247886
JBVHSUWY,RAWUKQMJ,4094959
JBVHSUWY,IGDVVKUD,28456
UQYUIVVR,BSRMSVTC,340546
OXKURKXR,LPHPPJUG,1247886
ATLDMDBO,AANGBULD,247356
HXYSSRXE,AANGBULD,247356
ZGJXVMNI,VMAQSTJE,77934
BUZIIBYG,HXYSSRXE,4821372
VWMBASNE,BSRMSVTC,340546
FDXPMYGF,WBLJNPZQ,184062
PYZMVUWD,BSRMSVTC,343198
FQCLOEXA,SNHYOVBM,390932
OXKURKXR,SDWAYPIK,5154052
PYZMVUWD,JPBRUTWP,5406138
XIFHSOWQ,JBVHSUWY,330115
DDEXPPXU,KJNSOAHR,13263377
AANGBULD,QVLMOEYE,1249197
SDWAYPIK,JBVHSUWY,329671
UIFPPCLR,XMKRPGLB,1160988
OXKURKXR,QRKRBYJL,2810150
OXKURKXR,JPBRUTWP,5383606
RJGPVEXX,QJQJSWFU,185986
WBLJNPZQ,AHMDUILJ,141396
RCBZUSIM,XIPPENFQ,111201
ELQGMQWE,LPHPPJUG,1247442
FTSVTTSR,AANGBULD,247356
EVBVXETX,BSRMSVTC,340546
OJIFIHMZ,TGOELCAG,244005
CCLHWFWF,WBLJNPZQ,183618
SAAYMURU,VMAQSTJE,78378
GYHKIVQT,XIIEJNEE,109440
XIPPENFQ,QKXNTIIB,2685172
VWMBASNE,FRHNWLNI,842283
AHMDUILJ,XIIEJNEE,109884
RCBZUSIM,ELQGMQWE,542817
ATLDMDBO,LUENUFGA,3978267
OXKURKXR,TGOELCAG,244449
WQMVCOEM,AHMDUILJ,141396
FWUCPMMW,WQMVCOEM,125704
ZXERAXWP,WPQXWHYO,11040815
SNHYOVBM,ROACSLMG,2387345
FITUEHWN,OKMBFVKS,1687614
WQMVCOEM,VWMBASNE,107466
WPQXWHYO,FDXPMYGF,35665
QKXNTIIB,LRVGFDFM,1647296
GKQIJYDH,BEZYMBBT,3978877
XMKRPGLB,VMAQSTJE,77934
WPQXWHYO,UIFPPCLR,90892
ZKENOUDA,LTOYKIML,406167
HCDTGMST,AHMDUILJ,141840
JERHKLYW,XUOIQPFL,3001419
SAAYMURU,QJQJSWFU,186429
FCYBOAXC,BUZIIBYG,16590360
NZKBIBNU,VWMBASNE,107466
DNMPSKTB,BLANHGYY,44002
SNHYOVBM,ELQGMQWE,540165
UQYUIVVR,XUOIQPFL,3000975
DJBLNPNC,UXSPKBJR,423098
ZXERAXWP,STZDBITS,20207662
LSOIUSXD,FQCLOEXA,1756618
RCBZUSIM,JBVHSUWY,330115
FITUEHWN,DJBLNPNC,28456
QVLMOEYE,FWUCPMMW,28012
OJIFIHMZ,QKXNTIIB,2331576
ELQGMQWE,JBVHSUWY,329671
LSOIUSXD,VMAQSTJE,78378
FDXPMYGF,MBSBZBXA,5772390
FWUCPMMW,PYZMVUWD,30665
JERHKLYW,AANGBULD,247799
VMAQSTJE,ZKENOUDA,345276
UGEQLMXM,BJALXPFS,145152
ANWUJOKX,KEUWZRKO,345120
TGOELCAG,FRHNWLNI,844047
BJALXPFS,AANGBULD,247799
LTOYKIML,UXSPKBJR,420445
PYZMVUWD,LTOYKIML,408820
JSLXRQOK,STZDBITS,20207662
SUOYXCHP,SDWAYPIK,5198230
ZXERAXWP,KAGJCHMR,28456
WHPUAOID,BSRMSVTC,340990
BJALXPFS,ZKENOUDA,345276
BLANHGYY,LSOIUSXD,232823
APQGTRMF,WPQXWHYO,11075632
CCLHWFWF,DEWLVASR,356821
OKMBFVKS,DUCMGGNW,725427
QSDCUCLB,UIFPPCLR,93544
KEUWZRKO,QJQJSWFU,185986
UGEQLMXM,DEWLVASR,357265
PYZMVUWD,SDWAYPIK,5156261
JERHKLYW,SDWAYPIK,5156261
FWUCPMMW,JBVHSUWY,332324
GKQIJYDH,DBWLZWNK,195868
LPHPPJUG,UXSPKBJR,420445
KAGJCHMR,VMAQSTJE,78378
BSRMSVTC,NZKBIBNU,237851
FCYBOAXC,IGDVVKUD,28012
BLANHGYY,RAWUKQMJ,4097611
NZKBIBNU,UIFPPCLR,90892
HCDTGMST,SUOYXCHP,36109
ANWUJOKX,SUOYXCHP,36109
GYHKIVQT,VBYCLTYZ,385710
FWUCPMMW,SAAYMURU,48690
SAAYMURU,TGOELCAG,244449
LUENUFGA,FRHNWLNI,841839
KJNSOAHR,BEZYMBBT,4008273
UGEQLMXM,ZKENOUDA,345276
FITUEHWN,QSDCUCLB,36109
BSRMSVTC,BUZIIBYG,16440741
LLHREMKS,BEZYMBBT,3966304
IGDVVKUD,DBWLZWNK,196312
JSLXRQOK,ANWUJOKX,37620
VWMBASNE,LTOYKIML,406611
HCDTGMST,BTMOEMEP,13405926
SUOYXCHP,VWMBASNE,107910
LSOIUSXD,QKXNTIIB,2714568
XMKRPGLB,GKQIJYDH,6851216
LSOIUSXD,WHPUAOID,41994
WHPUAOID,FRHNWLNI,842283
RCBZUSIM,OKMBFVKS,1689822
KAGJCHMR,NZKBIBNU,238295
BTMOEMEP,LUENUFGA,3978267
LPHPPJUG,IGDVVKUD,28012
LTOYKIML,XUOIQPFL,3013548
NAQIHUKZ,LRVGFDFM,1745955
QKXNTIIB,ELQGMQWE,540165
WQMVCOEM,UXSPKBJR,420445
KJNSOAHR,GYHKIVQT,15475677
FDXPMYGF,BJALXPFS,145152
SUOYXCHP,OGAFEHLU,37620
UIFPPCLR,AANGBULD,247799
AXULOHBQ,GYHKIVQT,15547088
GKQIJYDH,OXKURKXR,129553
DEWLVASR,BTMOEMEP,13409190
NZKBIBNU,WQMVCOEM,125260
YSYHGLQK,XUOIQPFL,3001419
UGEQLMXM,RJGPVEXX,550788
OXKURKXR,UIFPPCLR,91336
JSLXRQOK,APQGTRMF,53543
RAWUKQMJ,BTMOEMEP,14423146
OXKURKXR,DBWLZWNK,196312
ZCELVYQU,ZGJXVMNI,3076623
QSDCUCLB,FWUCPMMW,30665
RCBZUSIM,JSLXRQOK,28456
JSLXRQOK,BUZIIBYG,17759470
SNHYOVBM,RAWUKQMJ,4124355
BLANHGYY,QSDCUCLB,36109
KJNSOAHR,DDEXPPXU,36962
DJBLNPNC,OJIFIHMZ,2617064
QJQJSWFU,UIFPPCLR,91336
SDWAYPIK,DJBLNPNC,28012
YSYHGLQK,ATLDMDBO,36154572
NAQIHUKZ,DUCMGGNW,728079
WBLJNPZQ,KJNSOAHR,13258934
NAQIHUKZ,DBWLZWNK,196312
LPHPPJUG,MBSBZBXA,5598450
ANWUJOKX,SNHYOVBM,393585
JERHKLYW,OXKURKXR,129997
QJQJSWFU,MBSBZBXA,5595188
PYZMVUWD,WPQXWHYO,11047890
BEZYMBBT,FWUCPMMW,28012
FITUEHWN,UGEQLMXM,233032
XUOIQPFL,UQYUIVVR,5937046
DDEXPPXU,APQGTRMF,53543
WQMVCOEM,FRHNWLNI,842283
LSOIUSXD,DEWLVASR,357265
LSOIUSXD,OXKURKXR,129997
NAQIHUKZ,WHPUAOID,41994
SUOYXCHP,XUOIQPFL,3045596
ZKENOUDA,HXYSSRXE,4808798
KAGJCHMR,DUCMGGNW,725871
DBWLZWNK,FTSVTTSR,214808
HXYSSRXE,QJQJSWFU,185986
PYZMVUWD,ZKENOUDA,347484
AHMDUILJ,FTSVTTSR,215252
RCBZUSIM,UIFPPCLR,91336
JERHKLYW,WBLJNPZQ,184062
HCDTGMST,FRHNWLNI,842283
BLANHGYY,ROACSLMG,2360601
UQYUIVVR,VWMBASNE,107466
LLHREMKS,CCLHWFWF,14970017
QJQJSWFU,LPHPPJUG,1247886
XIPPENFQ,WBLJNPZQ,184062
AANGBULD,NZKBIBNU,238295
WHPUAOID,DUCMGGNW,725871
TGOELCAG,DUCMGGNW,725427
AXULOHBQ,LRVGFDFM,2010944
ELQGMQWE,NZKBIBNU,237851
YSYHGLQK,QRKRBYJL,2812359
RCBZUSIM,RJGPVEXX,550788
UGEQLMXM,JBVHSUWY,330115
NAQIHUKZ,TGOELCAG,246657
WHPUAOID,HCDTGMST,111477
MIRCVAMV,FCYBOAXC,115627840
AXULOHBQ,ZGJXVMNI,3077067
ZCELVYQU,BEZYMBBT,4008273
FRHNWLNI,DDEXPPXU,36962
